ISO3,VACCINE_NAME,PRODUCT_NAME,COMPANY_NAME,AUTHORIZATION_DATE,START_DATE,END_DATE,COMMENT,DATA_SOURCE
SHN,AstraZeneca - AZD1222,AZD1222,AstraZeneca,,,,,OWID
GRL,Moderna - mRNA-1273,mRNA-1273,Moderna,,,,,OWID
FRO,Moderna - mRNA-1273,mRNA-1273,Moderna,,,,,OWID
FRO,Pfizer BioNTech - Comirnaty,Comirnaty,Pfizer BioNTech,,,,,OWID
BIH,AstraZeneca - AZD1222,AZD1222,AstraZeneca,,,,,OWID
BIH,Pfizer BioNTech - Comirnaty,Comirnaty,Pfizer BioNTech,,,,,OWID
JEY,Moderna - mRNA-1273,mRNA-1273,Moderna,,,,,OWID
JEY,AstraZeneca - AZD1222,AZD1222,AstraZeneca,,,,,OWID
JEY,Pfizer BioNTech - Comirnaty,Comirnaty,Pfizer BioNTech,,,,,OWID
GGY,Moderna - mRNA-1273,mRNA-1273,Moderna,,,,,OWID
GGY,AstraZeneca - AZD1222,AZD1222,AstraZeneca,,,,,OWID
GGY,Pfizer BioNTech - Comirnaty,Comirnaty,Pfizer BioNTech,,,,,OWID
BIH,Sinovac - CoronaVac,Coronavac,Sinovac,,,,,OWID
GIB,AstraZeneca - AZD1222,AZD1222,AstraZeneca,,,,,OWID
GIB,Pfizer BioNTech - Comirnaty,Comirnaty,Pfizer BioNTech,,,,,OWID
FLK,AstraZeneca - AZD1222,AZD1222,AstraZeneca,,,,,OWID
IMN,Moderna - mRNA-1273,mRNA-1273,Moderna,,,,,OWID
IMN,AstraZeneca - AZD1222,AZD1222,AstraZeneca,,,,,OWID
IMN,Pfizer BioNTech - Comirnaty,Comirnaty,Pfizer BioNTech,,,,,OWID
TUR,Pfizer BioNTech - Comirnaty,Comirnaty,Pfizer BioNTech,,,,,OWID
TUR,Sinovac - CoronaVac,Coronavac,Sinovac,,,,,OWID
TUR,Turkovac,,,,,,,OWID
RUS,SRCVB - EpiVacCorona,EpiVacCorona,State Research Center of Virology & Biotechnology,,,,,OWID
UZB,Anhui ZL - Zifivax,Zifivax,Anhui Zhifei Longcom Biopharmaceutical,,28/04/2021,,,REPORTING
CHN,Anhui ZL - Zifivax,Zifivax,Anhui Zhifei Longcom Biopharmaceutical,17/03/2021,17/03/2021,,,REPORTING
TKM,Anhui ZL - Zifivax,Zifivax,Anhui Zhifei Longcom Biopharmaceutical,,24/02/2021,,,REPORTING
CHN,Shenzhen - LV-SMENP-DC,LV-SMENP-DC,Shenzhen GenoImmune Medical Institute,14/05/2021,01/06/2021,,,REPORTING
AUT,Valneva - VLA2001,VLA2001,Valneva,,24/08/2022,,,REPORTING
DEU,Valneva - VLA2001,VLA2001,Valneva,,14/09/2022,,,REPORTING
VEN,Finlay - Soberana-02,Soberana-02,Instituto Finlay de Vacunas,,,,,REPORTING
CUB,Finlay - Soberana-02,Soberana-02,Instituto Finlay de Vacunas,,,,,REPORTING
IRN,Finlay - Soberana-02,Soberana-02,Instituto Finlay de Vacunas,,,,,REPORTING
NIC,Finlay - Soberana-02,Soberana-02,Instituto Finlay de Vacunas,,25/10/2021,,,REPORTING
CHN,IMB - Covidful,Covidful,Insitute of Medical Biology,09/06/2021,09/06/2021,,,REPORTING
AZE,Gamaleya - Gam-Covid-Vac,Gam-Covid-Vac,Gamaleya Research Institute,,19/05/2021,,,REPORTING
KGZ,Gamaleya - Gam-Covid-Vac,Gam-Covid-Vac,Gamaleya Research Institute,,21/04/2021,,,REPORTING
SVK,Gamaleya - Gam-Covid-Vac,Gam-Covid-Vac,Gamaleya Research Institute,,20/01/2021,,,REPORTING
ARM,Gamaleya - Gam-Covid-Vac,Gam-Covid-Vac,Gamaleya Research Institute,,16/06/2021,,,REPORTING
OMN,Gamaleya - Gam-Covid-Vac,Gam-Covid-Vac,Gamaleya Research Institute,14/02/2021,29/12/2020,,,REPORTING
MDV,Gamaleya - Gam-Covid-Vac,Gam-Covid-Vac,Gamaleya Research Institute,30/01/2021,,,,REPORTING
ATG,Gamaleya - Gam-Covid-Vac,Gam-Covid-Vac,Gamaleya Research Institute,24/07/2021,16/08/2021,,,REPORTING
TJK,Gamaleya - Gam-Covid-Vac,Gam-Covid-Vac,Gamaleya Research Institute,,18/08/2021,,,REPORTING
LAO,Gamaleya - Gam-Covid-Vac,Gam-Covid-Vac,Gamaleya Research Institute,03/02/2021,09/02/2021,,,REPORTING
MNG,Gamaleya - Gam-Covid-Vac,Gam-Covid-Vac,Gamaleya Research Institute,06/02/2021,19/03/2021,,,REPORTING
PHL,Gamaleya - Gam-Covid-Vac,Gam-Covid-Vac,Gamaleya Research Institute,19/03/2021,04/05/2021,,,REPORTING
HUN,Gamaleya - Gam-Covid-Vac,Gam-Covid-Vac,Gamaleya Research Institute,,10/02/2021,,,REPORTING
BLR,Gamaleya - Gam-Covid-Vac,Gam-Covid-Vac,Gamaleya Research Institute,,03/02/2021,,,REPORTING
PRY,Gamaleya - Gam-Covid-Vac,Gam-Covid-Vac,Gamaleya Research Institute,22/12/2020,22/02/2021,,,REPORTING
ARG,Gamaleya - Gam-Covid-Vac,Gam-Covid-Vac,Gamaleya Research Institute,23/12/2020,29/12/2020,,,REPORTING
BOL,Gamaleya - Gam-Covid-Vac,Gam-Covid-Vac,Gamaleya Research Institute,,30/01/2021,,,REPORTING
IRN,Gamaleya - Gam-Covid-Vac,Gam-Covid-Vac,Gamaleya Research Institute,27/01/2021,09/02/2021,,,REPORTING
PSE,Gamaleya - Gam-Covid-Vac,Gam-Covid-Vac,Gamaleya Research Institute,25/01/2021,02/02/2021,,,REPORTING
TUN,Gamaleya - Gam-Covid-Vac,Gam-Covid-Vac,Gamaleya Research Institute,11/01/2021,13/03/2021,,,REPORTING
PAK,Gamaleya - Gam-Covid-Vac,Gam-Covid-Vac,Gamaleya Research Institute,20/01/2021,03/02/2021,,,REPORTING
SMR,Gamaleya - Gam-Covid-Vac,Gam-Covid-Vac,Gamaleya Research Institute,,24/02/2021,,,REPORTING
MNE,Gamaleya - Gam-Covid-Vac,Gam-Covid-Vac,Gamaleya Research Institute,,24/02/2021,,,REPORTING
GAB,Gamaleya - Gam-Covid-Vac,Gam-Covid-Vac,Gamaleya Research Institute,,,,,REPORTING
RWA,Gamaleya - Gam-Covid-Vac,Gam-Covid-Vac,Gamaleya Research Institute,31/03/2021,,,,REPORTING
SYC,Gamaleya - Gam-Covid-Vac,Gam-Covid-Vac,Gamaleya Research Institute,,,,,REPORTING
ZWE,Gamaleya - Gam-Covid-Vac,Gam-Covid-Vac,Gamaleya Research Institute,,,,,REPORTING
VEN,Gamaleya - Gam-Covid-Vac,Gam-Covid-Vac,Gamaleya Research Institute,01/01/2021,22/02/2021,,,REPORTING
IRQ,Gamaleya - Gam-Covid-Vac,Gam-Covid-Vac,Gamaleya Research Institute,29/12/2020,02/03/2021,,,REPORTING
MEX,Gamaleya - Gam-Covid-Vac,Gam-Covid-Vac,Gamaleya Research Institute,09/02/2021,24/02/2021,,,REPORTING
JOR,Gamaleya - Gam-Covid-Vac,Gam-Covid-Vac,Gamaleya Research Institute,13/12/2020,13/01/2021,,,REPORTING
DJI,Gamaleya - Gam-Covid-Vac,Gam-Covid-Vac,Gamaleya Research Institute,22/02/2021,15/03/2021,,,REPORTING
LBN,Gamaleya - Gam-Covid-Vac,Gam-Covid-Vac,Gamaleya Research Institute,16/12/2020,14/02/2021,,,REPORTING
KAZ,Gamaleya - Gam-Covid-Vac,Gam-Covid-Vac,Gamaleya Research Institute,,07/04/2021,,,REPORTING
MKD,Gamaleya - Gam-Covid-Vac,Gam-Covid-Vac,Gamaleya Research Institute,,10/03/2021,,,REPORTING
VCT,Gamaleya - Gam-Covid-Vac,Gam-Covid-Vac,Gamaleya Research Institute,30/01/2021,01/02/2021,,,REPORTING
DZA,Gamaleya - Gam-Covid-Vac,Gam-Covid-Vac,Gamaleya Research Institute,10/01/2021,30/01/2021,,,REPORTING
AFG,Gamaleya - Gam-Covid-Vac,Gam-Covid-Vac,Gamaleya Research Institute,,,,,REPORTING
NIC,Gamaleya - Gam-Covid-Vac,Gam-Covid-Vac,Gamaleya Research Institute,02/02/2021,03/03/2021,,,REPORTING
SDN,Gamaleya - Gam-Covid-Vac,Gam-Covid-Vac,Gamaleya Research Institute,,,,,REPORTING
YEM,Gamaleya - Gam-Covid-Vac,Gam-Covid-Vac,Gamaleya Research Institute,,,,,REPORTING
ARE,Gamaleya - Gam-Covid-Vac,Gam-Covid-Vac,Gamaleya Research Institute,,,,,REPORTING
EGY,Gamaleya - Gam-Covid-Vac,Gam-Covid-Vac,Gamaleya Research Institute,30/12/2020,24/01/2021,,,REPORTING
BHR,Gamaleya - Gam-Covid-Vac,Gam-Covid-Vac,Gamaleya Research Institute,03/11/2020,04/11/2020,,,REPORTING
MAR,Gamaleya - Gam-Covid-Vac,Gam-Covid-Vac,Gamaleya Research Institute,,,,,REPORTING
LKA,Gamaleya - Gam-Covid-Vac,Gam-Covid-Vac,Gamaleya Research Institute,04/03/2021,06/05/2021,,,REPORTING
GUY,Gamaleya - Gam-Covid-Vac,Gam-Covid-Vac,Gamaleya Research Institute,02/04/2021,02/04/2021,,,REPORTING
KWT,Gamaleya - Gam-Covid-Vac,Gam-Covid-Vac,Gamaleya Research Institute,,,,,REPORTING
QAT,Gamaleya - Gam-Covid-Vac,Gam-Covid-Vac,Gamaleya Research Institute,,,,,REPORTING
SAU,Gamaleya - Gam-Covid-Vac,Gam-Covid-Vac,Gamaleya Research Institute,,,,,REPORTING
SOM,Gamaleya - Gam-Covid-Vac,Gam-Covid-Vac,Gamaleya Research Institute,,,,,REPORTING
SRB,Gamaleya - Gam-Covid-Vac,Gam-Covid-Vac,Gamaleya Research Institute,,06/01/2021,,,REPORTING
TKM,Gamaleya - Gam-Covid-Vac,Gam-Covid-Vac,Gamaleya Research Institute,,24/02/2021,,,REPORTING
COG,Gamaleya - Gam-Covid-Vac,Gam-Covid-Vac,Gamaleya Research Institute,03/03/2021,23/03/2021,,,REPORTING
GIN,Gamaleya - Gam-Covid-Vac,Gam-Covid-Vac,Gamaleya Research Institute,27/01/2021,05/03/2021,,,REPORTING
VNM,Gamaleya - Gam-Covid-Vac,Gam-Covid-Vac,Gamaleya Research Institute,23/03/2021,01/08/2021,,,REPORTING
MYS,Gamaleya - Gam-Covid-Vac,Gam-Covid-Vac,Gamaleya Research Institute,,,,,REPORTING
GHA,Gamaleya - Gam-Covid-Vac,Gam-Covid-Vac,Gamaleya Research Institute,09/02/2021,02/03/2021,,,REPORTING
CIV,Gamaleya - Gam-Covid-Vac,Gam-Covid-Vac,Gamaleya Research Institute,,01/03/2021,,,REPORTING
SYR,Gamaleya - Gam-Covid-Vac,Gam-Covid-Vac,Gamaleya Research Institute,03/02/2021,01/04/2021,,,REPORTING
HND,Gamaleya - Gam-Covid-Vac,Gam-Covid-Vac,Gamaleya Research Institute,19/02/2021,22/04/2021,,,REPORTING
IND,Gamaleya - Gam-Covid-Vac,Gam-Covid-Vac,Gamaleya Research Institute,12/04/2021,14/05/2021,,,REPORTING
NPL,Gamaleya - Gam-Covid-Vac,Gam-Covid-Vac,Gamaleya Research Institute,20/04/2021,,,,REPORTING
LBY,Gamaleya - Gam-Covid-Vac,Gam-Covid-Vac,Gamaleya Research Institute,24/02/2021,11/04/2021,,,REPORTING
BGD,Gamaleya - Gam-Covid-Vac,Gam-Covid-Vac,Gamaleya Research Institute,27/04/2021,,,,REPORTING
MDA,Gamaleya - Gam-Covid-Vac,Gam-Covid-Vac,Gamaleya Research Institute,,05/05/2021,,,REPORTING
ALB,Gamaleya - Gam-Covid-Vac,Gam-Covid-Vac,Gamaleya Research Institute,,24/03/2021,,,REPORTING
UZB,Gamaleya - Gam-Covid-Vac,Gam-Covid-Vac,Gamaleya Research Institute,,28/04/2021,,,REPORTING
GTM,Gamaleya - Gam-Covid-Vac,Gam-Covid-Vac,Gamaleya Research Institute,,17/05/2021,,,REPORTING
KAZ,RIBSP - QazVac,QazVac,Research Institute for Biological Safety Problems,,28/04/2021,,,REPORTING
TKM,RIBSP - QazVac,QazVac,Research Institute for Biological Safety Problems,,24/02/2021,,,REPORTING
KGZ,RIBSP - QazVac,QazVac,Research Institute for Biological Safety Problems,,29/09/2021,,,REPORTING
TCD,Beijing CNBG - BBIBP-CorV,BBIBP-CorV,Beijing Bio-Institute Biological Products (CNBG),07/05/2021,04/06/2021,,,REPORTING
KGZ,Beijing CNBG - BBIBP-CorV,BBIBP-CorV,Beijing Bio-Institute Biological Products (CNBG),,31/03/2021,,,REPORTING
VUT,Beijing CNBG - BBIBP-CorV,BBIBP-CorV,Beijing Bio-Institute Biological Products (CNBG),02/06/2021,15/06/2021,,,REPORTING
VNM,Beijing CNBG - BBIBP-CorV,BBIBP-CorV,Beijing Bio-Institute Biological Products (CNBG),03/06/2021,10/07/2021,,,REPORTING
MMR,Beijing CNBG - BBIBP-CorV,BBIBP-CorV,Beijing Bio-Institute Biological Products (CNBG),12/02/2021,01/06/2021,,,REPORTING
CIV,Beijing CNBG - BBIBP-CorV,BBIBP-CorV,Beijing Bio-Institute Biological Products (CNBG),10/06/2021,,,,REPORTING
ARM,Beijing CNBG - BBIBP-CorV,BBIBP-CorV,Beijing Bio-Institute Biological Products (CNBG),,18/08/2021,,,REPORTING
BTN,Beijing CNBG - BBIBP-CorV,BBIBP-CorV,Beijing Bio-Institute Biological Products (CNBG),16/03/2021,20/07/2021,,,REPORTING
TUN,Beijing CNBG - BBIBP-CorV,BBIBP-CorV,Beijing Bio-Institute Biological Products (CNBG),11/01/2021,13/03/2021,,,REPORTING
KIR,Beijing CNBG - BBIBP-CorV,BBIBP-CorV,Beijing Bio-Institute Biological Products (CNBG),29/06/2021,03/09/2021,,,REPORTING
TZA,Beijing CNBG - BBIBP-CorV,BBIBP-CorV,Beijing Bio-Institute Biological Products (CNBG),08/08/2021,,,,REPORTING
ZMB,Beijing CNBG - BBIBP-CorV,BBIBP-CorV,Beijing Bio-Institute Biological Products (CNBG),,,,,REPORTING
SGP,Beijing CNBG - BBIBP-CorV,BBIBP-CorV,Beijing Bio-Institute Biological Products (CNBG),,30/08/2021,,,REPORTING
BDI,Beijing CNBG - BBIBP-CorV,BBIBP-CorV,Beijing Bio-Institute Biological Products (CNBG),29/09/2021,18/10/2021,,,REPORTING
LBY,Beijing CNBG - BBIBP-CorV,BBIBP-CorV,Beijing Bio-Institute Biological Products (CNBG),24/02/2021,11/04/2021,,,REPORTING
BFA,Beijing CNBG - BBIBP-CorV,BBIBP-CorV,Beijing Bio-Institute Biological Products (CNBG),20/09/2021,,,,REPORTING
CPV,Beijing CNBG - BBIBP-CorV,BBIBP-CorV,Beijing Bio-Institute Biological Products (CNBG),,,,,REPORTING
KEN,Beijing CNBG - BBIBP-CorV,BBIBP-CorV,Beijing Bio-Institute Biological Products (CNBG),,,,,REPORTING
LSO,Beijing CNBG - BBIBP-CorV,BBIBP-CorV,Beijing Bio-Institute Biological Products (CNBG),,,,,REPORTING
MDG,Beijing CNBG - BBIBP-CorV,BBIBP-CorV,Beijing Bio-Institute Biological Products (CNBG),05/08/2021,,,,REPORTING
RWA,Beijing CNBG - BBIBP-CorV,BBIBP-CorV,Beijing Bio-Institute Biological Products (CNBG),30/07/2021,,,,REPORTING
HUN,Beijing CNBG - BBIBP-CorV,BBIBP-CorV,Beijing Bio-Institute Biological Products (CNBG),,24/02/2021,,,REPORTING
MNE,Beijing CNBG - BBIBP-CorV,BBIBP-CorV,Beijing Bio-Institute Biological Products (CNBG),,10/03/2021,,,REPORTING
SLV,Beijing CNBG - BBIBP-CorV,BBIBP-CorV,Beijing Bio-Institute Biological Products (CNBG),03/06/2021,22/06/2021,,,REPORTING
PER,Beijing CNBG - BBIBP-CorV,BBIBP-CorV,Beijing Bio-Institute Biological Products (CNBG),26/01/2021,09/02/2021,,,REPORTING
SYC,Beijing CNBG - BBIBP-CorV,BBIBP-CorV,Beijing Bio-Institute Biological Products (CNBG),,10/01/2021,,,REPORTING
GNQ,Beijing CNBG - BBIBP-CorV,BBIBP-CorV,Beijing Bio-Institute Biological Products (CNBG),01/02/2021,12/02/2021,,,REPORTING
GMB,Beijing CNBG - BBIBP-CorV,BBIBP-CorV,Beijing Bio-Institute Biological Products (CNBG),,10/03/2021,,,REPORTING
LBN,Beijing CNBG - BBIBP-CorV,BBIBP-CorV,Beijing Bio-Institute Biological Products (CNBG),16/12/2020,14/02/2021,,,REPORTING
DJI,Beijing CNBG - BBIBP-CorV,BBIBP-CorV,Beijing Bio-Institute Biological Products (CNBG),22/02/2021,15/03/2021,,,REPORTING
PAK,Beijing CNBG - BBIBP-CorV,BBIBP-CorV,Beijing Bio-Institute Biological Products (CNBG),20/01/2021,03/02/2021,,,REPORTING
MAR,Beijing CNBG - BBIBP-CorV,BBIBP-CorV,Beijing Bio-Institute Biological Products (CNBG),06/01/2021,28/01/2021,,,REPORTING
PHL,Beijing CNBG - BBIBP-CorV,BBIBP-CorV,Beijing Bio-Institute Biological Products (CNBG),07/06/2021,30/08/2021,,,REPORTING
KHM,Beijing CNBG - BBIBP-CorV,BBIBP-CorV,Beijing Bio-Institute Biological Products (CNBG),04/02/2021,10/02/2021,,,REPORTING
LAO,Beijing CNBG - BBIBP-CorV,BBIBP-CorV,Beijing Bio-Institute Biological Products (CNBG),16/06/2021,25/11/2020,,,REPORTING
VEN,Beijing CNBG - BBIBP-CorV,BBIBP-CorV,Beijing Bio-Institute Biological Products (CNBG),12/03/2021,08/03/2021,,,REPORTING
JOR,Beijing CNBG - BBIBP-CorV,BBIBP-CorV,Beijing Bio-Institute Biological Products (CNBG),13/12/2020,13/01/2021,,,REPORTING
EGY,Beijing CNBG - BBIBP-CorV,BBIBP-CorV,Beijing Bio-Institute Biological Products (CNBG),30/12/2020,24/01/2021,,,REPORTING
ARE,Beijing CNBG - BBIBP-CorV,BBIBP-CorV,Beijing Bio-Institute Biological Products (CNBG),,,,,REPORTING
IRQ,Beijing CNBG - BBIBP-CorV,BBIBP-CorV,Beijing Bio-Institute Biological Products (CNBG),29/12/2020,02/03/2021,,,REPORTING
IRN,Beijing CNBG - BBIBP-CorV,BBIBP-CorV,Beijing Bio-Institute Biological Products (CNBG),27/01/2021,09/02/2021,,,REPORTING
BHR,Beijing CNBG - BBIBP-CorV,BBIBP-CorV,Beijing Bio-Institute Biological Products (CNBG),03/11/2020,04/11/2020,,,REPORTING
BOL,Beijing CNBG - BBIBP-CorV,BBIBP-CorV,Beijing Bio-Institute Biological Products (CNBG),,02/05/2021,,,REPORTING
DMA,Beijing CNBG - BBIBP-CorV,BBIBP-CorV,Beijing Bio-Institute Biological Products (CNBG),,11/03/2021,,,REPORTING
PRY,Beijing CNBG - BBIBP-CorV,BBIBP-CorV,Beijing Bio-Institute Biological Products (CNBG),30/12/2020,15/03/2021,,,REPORTING
JAM,Beijing CNBG - BBIBP-CorV,BBIBP-CorV,Beijing Bio-Institute Biological Products (CNBG),12/11/2021,13/12/2021,,,REPORTING
MYS,Beijing CNBG - BBIBP-CorV,BBIBP-CorV,Beijing Bio-Institute Biological Products (CNBG),16/07/2021,,,,REPORTING
PRT,Beijing CNBG - BBIBP-CorV,BBIBP-CorV,Beijing Bio-Institute Biological Products (CNBG),,23/12/2020,,,REPORTING
ARG,Beijing CNBG - BBIBP-CorV,BBIBP-CorV,Beijing Bio-Institute Biological Products (CNBG),21/02/2021,02/03/2021,,,REPORTING
GUY,Beijing CNBG - BBIBP-CorV,BBIBP-CorV,Beijing Bio-Institute Biological Products (CNBG),25/02/2021,02/03/2021,,,REPORTING
MDV,Beijing CNBG - BBIBP-CorV,BBIBP-CorV,Beijing Bio-Institute Biological Products (CNBG),17/03/2021,22/03/2021,,,REPORTING
PSE,Beijing CNBG - BBIBP-CorV,BBIBP-CorV,Beijing Bio-Institute Biological Products (CNBG),25/01/2021,02/02/2021,,,REPORTING
KWT,Beijing CNBG - BBIBP-CorV,BBIBP-CorV,Beijing Bio-Institute Biological Products (CNBG),13/12/2020,28/12/2020,,,REPORTING
MNG,Beijing CNBG - BBIBP-CorV,BBIBP-CorV,Beijing Bio-Institute Biological Products (CNBG),09/02/2021,10/03/2021,,,REPORTING
NPL,Beijing CNBG - BBIBP-CorV,BBIBP-CorV,Beijing Bio-Institute Biological Products (CNBG),16/02/2021,07/04/2021,,,REPORTING
OMN,Beijing CNBG - BBIBP-CorV,BBIBP-CorV,Beijing Bio-Institute Biological Products (CNBG),,,,,REPORTING
QAT,Beijing CNBG - BBIBP-CorV,BBIBP-CorV,Beijing Bio-Institute Biological Products (CNBG),,,,,REPORTING
SAU,Beijing CNBG - BBIBP-CorV,BBIBP-CorV,Beijing Bio-Institute Biological Products (CNBG),,,,,REPORTING
YEM,Beijing CNBG - BBIBP-CorV,BBIBP-CorV,Beijing Bio-Institute Biological Products (CNBG),,,,,REPORTING
MOZ,Beijing CNBG - BBIBP-CorV,BBIBP-CorV,Beijing Bio-Institute Biological Products (CNBG),18/05/2021,,,,REPORTING
AFG,Beijing CNBG - BBIBP-CorV,BBIBP-CorV,Beijing Bio-Institute Biological Products (CNBG),23/02/2021,22/02/2021,,,REPORTING
PNG,Beijing CNBG - BBIBP-CorV,BBIBP-CorV,Beijing Bio-Institute Biological Products (CNBG),25/05/2021,28/06/2021,,,REPORTING
BRN,Beijing CNBG - BBIBP-CorV,BBIBP-CorV,Beijing Bio-Institute Biological Products (CNBG),03/02/2021,03/04/2021,,,REPORTING
SLB,Beijing CNBG - BBIBP-CorV,BBIBP-CorV,Beijing Bio-Institute Biological Products (CNBG),12/03/2021,21/05/2021,,,REPORTING
MDA,Beijing CNBG - BBIBP-CorV,BBIBP-CorV,Beijing Bio-Institute Biological Products (CNBG),,24/03/2021,,,REPORTING
LKA,Beijing CNBG - BBIBP-CorV,BBIBP-CorV,Beijing Bio-Institute Biological Products (CNBG),08/05/2021,05/04/2021,,,REPORTING
COM,Beijing CNBG - BBIBP-CorV,BBIBP-CorV,Beijing Bio-Institute Biological Products (CNBG),01/02/2021,10/04/2021,,,REPORTING
COG,Beijing CNBG - BBIBP-CorV,BBIBP-CorV,Beijing Bio-Institute Biological Products (CNBG),03/03/2021,23/03/2021,,,REPORTING
NER,Beijing CNBG - BBIBP-CorV,BBIBP-CorV,Beijing Bio-Institute Biological Products (CNBG),23/02/2021,29/03/2021,,,REPORTING
GIN,Beijing CNBG - BBIBP-CorV,BBIBP-CorV,Beijing Bio-Institute Biological Products (CNBG),12/02/2021,05/03/2021,,,REPORTING
MUS,Beijing CNBG - BBIBP-CorV,BBIBP-CorV,Beijing Bio-Institute Biological Products (CNBG),18/03/2021,,,,REPORTING
CHN,Beijing CNBG - BBIBP-CorV,BBIBP-CorV,Beijing Bio-Institute Biological Products (CNBG),22/07/2020,22/07/2020,,,REPORTING
MRT,Beijing CNBG - BBIBP-CorV,BBIBP-CorV,Beijing Bio-Institute Biological Products (CNBG),,26/03/2021,,,REPORTING
ZWE,Beijing CNBG - BBIBP-CorV,BBIBP-CorV,Beijing Bio-Institute Biological Products (CNBG),,,,,REPORTING
NAM,Beijing CNBG - BBIBP-CorV,BBIBP-CorV,Beijing Bio-Institute Biological Products (CNBG),,19/03/2021,,,REPORTING
NIC,Beijing CNBG - BBIBP-CorV,BBIBP-CorV,Beijing Bio-Institute Biological Products (CNBG),,01/04/2022,,,REPORTING
DOM,Beijing CNBG - BBIBP-CorV,BBIBP-CorV,Beijing Bio-Institute Biological Products (CNBG),,,,,REPORTING
ETH,Beijing CNBG - BBIBP-CorV,BBIBP-CorV,Beijing Bio-Institute Biological Products (CNBG),05/03/2021,13/03/2021,,,REPORTING
SYR,Beijing CNBG - BBIBP-CorV,BBIBP-CorV,Beijing Bio-Institute Biological Products (CNBG),03/02/2021,01/04/2021,,,REPORTING
SRB,Beijing CNBG - BBIBP-CorV,BBIBP-CorV,Beijing Bio-Institute Biological Products (CNBG),,20/01/2021,,,REPORTING
DZA,Beijing CNBG - BBIBP-CorV,BBIBP-CorV,Beijing Bio-Institute Biological Products (CNBG),10/02/2021,,,,REPORTING
TKM,Beijing CNBG - BBIBP-CorV,BBIBP-CorV,Beijing Bio-Institute Biological Products (CNBG),,24/02/2021,,,REPORTING
GAB,Beijing CNBG - BBIBP-CorV,BBIBP-CorV,Beijing Bio-Institute Biological Products (CNBG),,23/03/2021,,,REPORTING
KAZ,Beijing CNBG - BBIBP-CorV,BBIBP-CorV,Beijing Bio-Institute Biological Products (CNBG),,05/05/2021,,,REPORTING
IDN,Beijing CNBG - BBIBP-CorV,BBIBP-CorV,Beijing Bio-Institute Biological Products (CNBG),29/04/2021,18/05/2021,,,REPORTING
GNB,Beijing CNBG - BBIBP-CorV,BBIBP-CorV,Beijing Bio-Institute Biological Products (CNBG),,02/04/2021,,,REPORTING
SLE,Beijing CNBG - BBIBP-CorV,BBIBP-CorV,Beijing Bio-Institute Biological Products (CNBG),,15/03/2021,,,REPORTING
SEN,Beijing CNBG - BBIBP-CorV,BBIBP-CorV,Beijing Bio-Institute Biological Products (CNBG),23/02/2021,23/02/2021,,,REPORTING
CMR,Beijing CNBG - BBIBP-CorV,BBIBP-CorV,Beijing Bio-Institute Biological Products (CNBG),01/04/2021,12/04/2021,,,REPORTING
SOM,Beijing CNBG - BBIBP-CorV,BBIBP-CorV,Beijing Bio-Institute Biological Products (CNBG),22/02/2021,16/03/2021,,,REPORTING
SDN,Beijing CNBG - BBIBP-CorV,BBIBP-CorV,Beijing Bio-Institute Biological Products (CNBG),20/02/2021,09/03/2021,,,REPORTING
BGD,Beijing CNBG - BBIBP-CorV,BBIBP-CorV,Beijing Bio-Institute Biological Products (CNBG),29/04/2021,25/05/2021,,,REPORTING
MKD,Beijing CNBG - BBIBP-CorV,BBIBP-CorV,Beijing Bio-Institute Biological Products (CNBG),,21/04/2021,,,REPORTING
GEO,Beijing CNBG - BBIBP-CorV,BBIBP-CorV,Beijing Bio-Institute Biological Products (CNBG),,05/05/2021,,,REPORTING
BLR,Beijing CNBG - BBIBP-CorV,BBIBP-CorV,Beijing Bio-Institute Biological Products (CNBG),,24/03/2021,,,REPORTING
THA,Beijing CNBG - BBIBP-CorV,BBIBP-CorV,Beijing Bio-Institute Biological Products (CNBG),28/05/2021,25/06/2021,,,REPORTING
ATG,Beijing CNBG - BBIBP-CorV,BBIBP-CorV,Beijing Bio-Institute Biological Products (CNBG),,,,,REPORTING
BRB,Beijing CNBG - BBIBP-CorV,BBIBP-CorV,Beijing Bio-Institute Biological Products (CNBG),,30/06/2021,,,REPORTING
SUR,Beijing CNBG - BBIBP-CorV,BBIBP-CorV,Beijing Bio-Institute Biological Products (CNBG),28/06/2021,10/07/2021,,,REPORTING
TTO,Beijing CNBG - BBIBP-CorV,BBIBP-CorV,Beijing Bio-Institute Biological Products (CNBG),,,,,REPORTING
BLZ,Beijing CNBG - BBIBP-CorV,BBIBP-CorV,Beijing Bio-Institute Biological Products (CNBG),17/05/2021,18/05/2021,,,REPORTING
IND,Zydus - ZyCov-D,ZyCov-D,Zydus Cadila,20/08/2021,,,,REPORTING
IND,Biological E - Corbevax,Corbevax,Biological E,,16/03/2022,,,REPORTING
NIC,CIGB - CIGB-66,CIGB-66,Center for Genetic Engineering and Biotechnology,,25/10/2021,,,REPORTING
CUB,CIGB - CIGB-66,CIGB-66,Center for Genetic Engineering and Biotechnology,,,,,REPORTING
VEN,CIGB - CIGB-66,CIGB-66,Center for Genetic Engineering and Biotechnology,,,,,REPORTING
VNM,CIGB - CIGB-66,CIGB-66,Center for Genetic Engineering and Biotechnology,17/09/2021,17/10/2021,,,REPORTING
MEX,CIGB - CIGB-66,CIGB-66,Center for Genetic Engineering and Biotechnology,,21/12/2022,,,REPORTING
ARM,AstraZeneca - Vaxzevria,Vaxzevria,AstraZeneca,,16/06/2021,,,REPORTING
SLB,AstraZeneca - Vaxzevria,Vaxzevria,AstraZeneca,26/05/2021,27/08/2021,,,REPORTING
PCN,AstraZeneca - Vaxzevria,Vaxzevria,AstraZeneca,17/05/2021,17/05/2021,,,REPORTING
BGD,AstraZeneca - Vaxzevria,Vaxzevria,AstraZeneca,23/06/2021,,,,REPORTING
NPL,AstraZeneca - Vaxzevria,Vaxzevria,AstraZeneca,30/06/2021,,,,REPORTING
KHM,AstraZeneca - Vaxzevria,Vaxzevria,AstraZeneca,15/07/2021,25/07/2021,,,REPORTING
KGZ,AstraZeneca - Vaxzevria,Vaxzevria,AstraZeneca,,14/07/2021,,,REPORTING
NIC,AstraZeneca - Vaxzevria,Vaxzevria,AstraZeneca,15/02/2021,16/10/2021,,,REPORTING
CZE,AstraZeneca - Vaxzevria,Vaxzevria,AstraZeneca,,03/02/2021,,,REPORTING
SLV,AstraZeneca - Vaxzevria,Vaxzevria,AstraZeneca,30/12/2020,17/02/2021,,,REPORTING
UKR,AstraZeneca - Vaxzevria,Vaxzevria,AstraZeneca,,28/04/2021,,,REPORTING
PSE,AstraZeneca - Vaxzevria,Vaxzevria,AstraZeneca,25/01/2021,02/02/2021,,,REPORTING
LKA,AstraZeneca - Vaxzevria,Vaxzevria,AstraZeneca,09/07/2021,,,,REPORTING
LAO,AstraZeneca - Vaxzevria,Vaxzevria,AstraZeneca,,04/08/2021,,,REPORTING
AUT,AstraZeneca - Vaxzevria,Vaxzevria,AstraZeneca,,10/02/2021,,,REPORTING
CYP,AstraZeneca - Vaxzevria,Vaxzevria,AstraZeneca,,10/02/2021,,,REPORTING
BEL,AstraZeneca - Vaxzevria,Vaxzevria,AstraZeneca,,10/02/2021,,,REPORTING
PRT,AstraZeneca - Vaxzevria,Vaxzevria,AstraZeneca,,30/12/2020,,,REPORTING
NLD,AstraZeneca - Vaxzevria,Vaxzevria,AstraZeneca,,06/01/2021,,,REPORTING
POL,AstraZeneca - Vaxzevria,Vaxzevria,AstraZeneca,,06/01/2021,,,REPORTING
BGR,AstraZeneca - Vaxzevria,Vaxzevria,AstraZeneca,,03/02/2021,,,REPORTING
SWE,AstraZeneca - Vaxzevria,Vaxzevria,AstraZeneca,,10/02/2021,,,REPORTING
HUN,AstraZeneca - Vaxzevria,Vaxzevria,AstraZeneca,,10/02/2021,,,REPORTING
ROU,AstraZeneca - Vaxzevria,Vaxzevria,AstraZeneca,,17/02/2021,,,REPORTING
LTU,AstraZeneca - Vaxzevria,Vaxzevria,AstraZeneca,,10/02/2021,,,REPORTING
ESP,AstraZeneca - Vaxzevria,Vaxzevria,AstraZeneca,,10/02/2021,,,REPORTING
FIN,AstraZeneca - Vaxzevria,Vaxzevria,AstraZeneca,,30/12/2020,,,REPORTING
LVA,AstraZeneca - Vaxzevria,Vaxzevria,AstraZeneca,,27/01/2021,,,REPORTING
ITA,AstraZeneca - Vaxzevria,Vaxzevria,AstraZeneca,,13/01/2021,,,REPORTING
SVN,AstraZeneca - Vaxzevria,Vaxzevria,AstraZeneca,,10/02/2021,,,REPORTING
FRA,AstraZeneca - Vaxzevria,Vaxzevria,AstraZeneca,,03/02/2021,,,REPORTING
ISL,AstraZeneca - Vaxzevria,Vaxzevria,AstraZeneca,,10/02/2021,,,REPORTING
GRC,AstraZeneca - Vaxzevria,Vaxzevria,AstraZeneca,,23/12/2020,,,REPORTING
LUX,AstraZeneca - Vaxzevria,Vaxzevria,AstraZeneca,,10/02/2021,,,REPORTING
IRL,AstraZeneca - Vaxzevria,Vaxzevria,AstraZeneca,,30/12/2020,,,REPORTING
EST,AstraZeneca - Vaxzevria,Vaxzevria,AstraZeneca,,17/02/2021,,,REPORTING
DEU,AstraZeneca - Vaxzevria,Vaxzevria,AstraZeneca,,10/02/2021,,,REPORTING
HRV,AstraZeneca - Vaxzevria,Vaxzevria,AstraZeneca,,13/01/2021,,,REPORTING
JOR,AstraZeneca - Vaxzevria,Vaxzevria,AstraZeneca,13/12/2020,13/01/2021,,,REPORTING
EGY,AstraZeneca - Vaxzevria,Vaxzevria,AstraZeneca,30/12/2020,24/01/2021,,,REPORTING
MAR,AstraZeneca - Vaxzevria,Vaxzevria,AstraZeneca,06/01/2021,28/01/2021,,,REPORTING
PHL,AstraZeneca - Vaxzevria,Vaxzevria,AstraZeneca,28/01/2021,07/03/2021,,,REPORTING
DNK,AstraZeneca - Vaxzevria,Vaxzevria,AstraZeneca,,30/12/2020,,,REPORTING
SVK,AstraZeneca - Vaxzevria,Vaxzevria,AstraZeneca,,13/01/2021,,,REPORTING
VCT,AstraZeneca - Vaxzevria,Vaxzevria,AstraZeneca,,,,,REPORTING
VGB,AstraZeneca - Vaxzevria,Vaxzevria,AstraZeneca,,11/02/2021,,,REPORTING
MSR,AstraZeneca - Vaxzevria,Vaxzevria,AstraZeneca,,08/02/2021,,,REPORTING
AIA,AstraZeneca - Vaxzevria,Vaxzevria,AstraZeneca,01/12/2020,05/02/2021,,,REPORTING
OMN,AstraZeneca - Vaxzevria,Vaxzevria,AstraZeneca,14/02/2021,29/12/2020,,,REPORTING
IRN,AstraZeneca - Vaxzevria,Vaxzevria,AstraZeneca,27/01/2021,09/02/2021,,,REPORTING
SAU,AstraZeneca - Vaxzevria,Vaxzevria,AstraZeneca,10/12/2020,06/01/2021,,,REPORTING
MLT,AstraZeneca - Vaxzevria,Vaxzevria,AstraZeneca,,30/12/2020,,,REPORTING
CAN,AstraZeneca - Vaxzevria,Vaxzevria,AstraZeneca,,,,,REPORTING
BEN,AstraZeneca - Vaxzevria,Vaxzevria,AstraZeneca,,,,,REPORTING
ISR,AstraZeneca - Vaxzevria,Vaxzevria,AstraZeneca,,20/10/2021,,,REPORTING
BOL,AstraZeneca - Vaxzevria,Vaxzevria,AstraZeneca,,22/03/2021,,,REPORTING
MEX,AstraZeneca - Vaxzevria,Vaxzevria,AstraZeneca,04/01/2021,15/02/2021,,,REPORTING
VNM,AstraZeneca - Vaxzevria,Vaxzevria,AstraZeneca,01/02/2021,08/03/2021,,,REPORTING
FJI,AstraZeneca - Vaxzevria,Vaxzevria,AstraZeneca,22/02/2021,07/03/2021,,,REPORTING
LBN,AstraZeneca - Vaxzevria,Vaxzevria,AstraZeneca,16/12/2020,14/02/2021,,,REPORTING
KWT,AstraZeneca - Vaxzevria,Vaxzevria,AstraZeneca,13/12/2020,28/12/2020,,,REPORTING
TUN,AstraZeneca - Vaxzevria,Vaxzevria,AstraZeneca,11/01/2021,13/03/2021,,,REPORTING
AFG,AstraZeneca - Vaxzevria,Vaxzevria,AstraZeneca,23/02/2021,22/02/2021,,,REPORTING
DJI,AstraZeneca - Vaxzevria,Vaxzevria,AstraZeneca,22/02/2021,15/03/2021,,,REPORTING
IRQ,AstraZeneca - Vaxzevria,Vaxzevria,AstraZeneca,29/12/2020,02/03/2021,,,REPORTING
LBY,AstraZeneca - Vaxzevria,Vaxzevria,AstraZeneca,24/02/2021,11/04/2021,,,REPORTING
JPN,AstraZeneca - Vaxzevria,Vaxzevria,AstraZeneca,21/05/2021,21/08/2021,,,REPORTING
MDA,AstraZeneca - Vaxzevria,Vaxzevria,AstraZeneca,,03/03/2021,,,REPORTING
MYS,AstraZeneca - Vaxzevria,Vaxzevria,AstraZeneca,15/02/2021,05/05/2021,,,REPORTING
PNG,AstraZeneca - Vaxzevria,Vaxzevria,AstraZeneca,18/03/2021,30/03/2021,,,REPORTING
MNG,AstraZeneca - Vaxzevria,Vaxzevria,AstraZeneca,10/01/2021,19/03/2021,,,REPORTING
PRY,AstraZeneca - Vaxzevria,Vaxzevria,AstraZeneca,30/12/2020,23/03/2021,,,REPORTING
GBR,AstraZeneca - Vaxzevria,Vaxzevria,AstraZeneca,,08/02/2021,,,REPORTING
BLZ,AstraZeneca - Vaxzevria,Vaxzevria,AstraZeneca,15/02/2021,07/04/2021,,,REPORTING
HND,AstraZeneca - Vaxzevria,Vaxzevria,AstraZeneca,15/02/2021,15/03/2021,,,REPORTING
ARE,AstraZeneca - Vaxzevria,Vaxzevria,AstraZeneca,,,,,REPORTING
QAT,AstraZeneca - Vaxzevria,Vaxzevria,AstraZeneca,,,,,REPORTING
GEO,AstraZeneca - Vaxzevria,Vaxzevria,AstraZeneca,,17/03/2021,,,REPORTING
ALB,AstraZeneca - Vaxzevria,Vaxzevria,AstraZeneca,,10/03/2021,,,REPORTING
BRN,AstraZeneca - Vaxzevria,Vaxzevria,AstraZeneca,22/02/2021,03/04/2021,,,REPORTING
SDN,AstraZeneca - Vaxzevria,Vaxzevria,AstraZeneca,20/02/2021,09/03/2021,,,REPORTING
SYR,AstraZeneca - Vaxzevria,Vaxzevria,AstraZeneca,03/02/2021,01/04/2021,,,REPORTING
YEM,AstraZeneca - Vaxzevria,Vaxzevria,AstraZeneca,27/02/2021,20/04/2021,,,REPORTING
MCO,AstraZeneca - Vaxzevria,Vaxzevria,AstraZeneca,,27/04/2022,,,REPORTING
XKX,AstraZeneca - Vaxzevria,Vaxzevria,AstraZeneca,,31/03/2021,,,REPORTING
STP,AstraZeneca - Vaxzevria,Vaxzevria,AstraZeneca,,15/03/2021,,,REPORTING
KNA,AstraZeneca - Vaxzevria,Vaxzevria,AstraZeneca,,,,,REPORTING
SXM,AstraZeneca - Vaxzevria,Vaxzevria,AstraZeneca,,,,,REPORTING
URY,AstraZeneca - Vaxzevria,Vaxzevria,AstraZeneca,11/02/2021,17/04/2021,,,REPORTING
ECU,AstraZeneca - Vaxzevria,Vaxzevria,AstraZeneca,22/01/2021,19/03/2021,,,REPORTING
PAK,AstraZeneca - Vaxzevria,Vaxzevria,AstraZeneca,20/01/2021,03/02/2021,,,REPORTING
SOM,AstraZeneca - Vaxzevria,Vaxzevria,AstraZeneca,22/02/2021,16/03/2021,,,REPORTING
DOM,AstraZeneca - Vaxzevria,Vaxzevria,AstraZeneca,,,,,REPORTING
ATG,AstraZeneca - Vaxzevria,Vaxzevria,AstraZeneca,01/02/2021,01/03/2021,,,REPORTING
GTM,AstraZeneca - Vaxzevria,Vaxzevria,AstraZeneca,11/03/2021,15/03/2021,,,REPORTING
BMU,AstraZeneca - Vaxzevria,Vaxzevria,AstraZeneca,,07/05/2021,,,REPORTING
CUW,AstraZeneca - Vaxzevria,Vaxzevria,AstraZeneca,,,,,REPORTING
BHS,AstraZeneca - Vaxzevria,Vaxzevria,AstraZeneca,,14/03/2021,,,REPORTING
GUY,AstraZeneca - Vaxzevria,Vaxzevria,AstraZeneca,,,,,REPORTING
ARG,AstraZeneca - Vaxzevria,Vaxzevria,AstraZeneca,20/12/2021,30/03/2021,,,REPORTING
DMA,AstraZeneca - Vaxzevria,Vaxzevria,AstraZeneca,25/02/2021,07/04/2021,,,REPORTING
SUR,AstraZeneca - Vaxzevria,Vaxzevria,AstraZeneca,10/05/2021,26/05/2021,,,REPORTING
LCA,AstraZeneca - Vaxzevria,Vaxzevria,AstraZeneca,,,,,REPORTING
TTO,AstraZeneca - Vaxzevria,Vaxzevria,AstraZeneca,,07/04/2021,,,REPORTING
KIR,AstraZeneca - Vaxzevria,Vaxzevria,AstraZeneca,12/03/2021,26/05/2021,,,REPORTING
NRU,AstraZeneca - Vaxzevria,Vaxzevria,AstraZeneca,02/03/2021,09/04/2021,,,REPORTING
MNE,AstraZeneca - Vaxzevria,Vaxzevria,AstraZeneca,,31/03/2021,,,REPORTING
NOR,AstraZeneca - Vaxzevria,Vaxzevria,AstraZeneca,,06/01/2021,,,REPORTING
MKD,AstraZeneca - Vaxzevria,Vaxzevria,AstraZeneca,,31/03/2021,,,REPORTING
COL,AstraZeneca - Vaxzevria,Vaxzevria,AstraZeneca,23/02/2021,29/03/2021,,,REPORTING
TUV,AstraZeneca - Vaxzevria,Vaxzevria,AstraZeneca,23/02/2021,13/04/2021,,,REPORTING
VUT,AstraZeneca - Vaxzevria,Vaxzevria,AstraZeneca,10/05/2021,02/06/2021,,,REPORTING
WSM,AstraZeneca - Vaxzevria,Vaxzevria,AstraZeneca,23/02/2021,18/04/2021,,,REPORTING
NZL,AstraZeneca - Vaxzevria,Vaxzevria,AstraZeneca,22/07/2021,26/11/2021,,,REPORTING
TON,AstraZeneca - Vaxzevria,Vaxzevria,AstraZeneca,22/02/2021,14/04/2021,,,REPORTING
SGP,AstraZeneca - Vaxzevria,Vaxzevria,AstraZeneca,,,,,REPORTING
BRA,AstraZeneca - Vaxzevria,Vaxzevria,AstraZeneca,17/01/2021,18/01/2021,,,REPORTING
BRB,AstraZeneca - Vaxzevria,Vaxzevria,AstraZeneca,,08/04/2021,,,REPORTING
MTQ,AstraZeneca - Vaxzevria,Vaxzevria,AstraZeneca,,,,,REPORTING
AUS,AstraZeneca - Vaxzevria,Vaxzevria,AstraZeneca,15/02/2021,21/02/2021,,,REPORTING
KOR,AstraZeneca - Vaxzevria,Vaxzevria,AstraZeneca,09/02/2021,26/02/2021,,,REPORTING
FSM,AstraZeneca - Vaxzevria,Vaxzevria,AstraZeneca,,,,,REPORTING
PER,AstraZeneca - Vaxzevria,Vaxzevria,AstraZeneca,12/04/2021,21/04/2021,,,REPORTING
SRB,AstraZeneca - Vaxzevria,Vaxzevria,AstraZeneca,,24/02/2021,,,REPORTING
TKM,AstraZeneca - Vaxzevria,Vaxzevria,AstraZeneca,,24/02/2021,,,REPORTING
TJK,AstraZeneca - Vaxzevria,Vaxzevria,AstraZeneca,,14/04/2021,,,REPORTING
CRI,AstraZeneca - Vaxzevria,Vaxzevria,AstraZeneca,26/02/2021,19/04/2021,,,REPORTING
JAM,AstraZeneca - Vaxzevria,Vaxzevria,AstraZeneca,15/02/2021,10/03/2021,,,REPORTING
AND,AstraZeneca - Vaxzevria,Vaxzevria,AstraZeneca,,03/03/2021,,,REPORTING
AZE,AstraZeneca - Vaxzevria,Vaxzevria,AstraZeneca,,05/05/2021,,,REPORTING
GLP,AstraZeneca - Vaxzevria,Vaxzevria,AstraZeneca,,,,,REPORTING
IDN,AstraZeneca - Vaxzevria,Vaxzevria,AstraZeneca,21/02/2021,23/03/2021,,,REPORTING
THA,AstraZeneca - Vaxzevria,Vaxzevria,AstraZeneca,20/01/2021,16/03/2021,,,REPORTING
TLS,AstraZeneca - Vaxzevria,Vaxzevria,AstraZeneca,23/02/2021,07/04/2021,,,REPORTING
BTN,AstraZeneca - Vaxzevria,Vaxzevria,AstraZeneca,17/06/2021,,,,REPORTING
MDV,AstraZeneca - Vaxzevria,Vaxzevria,AstraZeneca,20/06/2021,27/07/2021,,,REPORTING
PAN,AstraZeneca - Vaxzevria,Vaxzevria,AstraZeneca,02/03/2021,22/04/2021,,,REPORTING
GRD,AstraZeneca - Vaxzevria,Vaxzevria,AstraZeneca,12/02/2021,15/02/2021,,,REPORTING
CHL,AstraZeneca - Vaxzevria,Vaxzevria,AstraZeneca,27/01/2021,27/04/2021,,,REPORTING
BHR,AstraZeneca - Vaxzevria,Vaxzevria,AstraZeneca,03/11/2020,04/11/2020,,,REPORTING
CHL,CanSino - Convidecia,Convidecia,CanSino Biologicals,07/04/2021,03/06/2021,,,REPORTING
MEX,CanSino - Convidecia,Convidecia,CanSino Biologicals,08/02/2021,01/01/2021,,,REPORTING
CHN,CanSino - Convidecia,Convidecia,CanSino Biologicals,22/07/2020,22/07/2020,,,REPORTING
MYS,CanSino - Convidecia,Convidecia,CanSino Biologicals,15/06/2021,,,,REPORTING
IRQ,CanSino - Convidecia,Convidecia,CanSino Biologicals,,,,,REPORTING
JOR,CanSino - Convidecia,Convidecia,CanSino Biologicals,,,,,REPORTING
EGY,CanSino - Convidecia,Convidecia,CanSino Biologicals,,,,,REPORTING
IRN,CanSino - Convidecia,Convidecia,CanSino Biologicals,,,,,REPORTING
ECU,CanSino - Convidecia,Convidecia,CanSino Biologicals,14/06/2021,02/08/2021,,,REPORTING
ARG,CanSino - Convidecia,Convidecia,CanSino Biologicals,,08/09/2021,,,REPORTING
ARE,CanSino - Convidecia,Convidecia,CanSino Biologicals,,,,,REPORTING
YEM,CanSino - Convidecia,Convidecia,CanSino Biologicals,,,,,REPORTING
PAK,CanSino - Convidecia,Convidecia,CanSino Biologicals,20/01/2021,03/02/2021,,,REPORTING
AFG,CanSino - Convidecia,Convidecia,CanSino Biologicals,,,,,REPORTING
BHR,CanSino - Convidecia,Convidecia,CanSino Biologicals,,,,,REPORTING
DJI,CanSino - Convidecia,Convidecia,CanSino Biologicals,,,,,REPORTING
QAT,CanSino - Convidecia,Convidecia,CanSino Biologicals,,,,,REPORTING
SAU,CanSino - Convidecia,Convidecia,CanSino Biologicals,,,,,REPORTING
SOM,CanSino - Convidecia,Convidecia,CanSino Biologicals,,,,,REPORTING
SDN,CanSino - Convidecia,Convidecia,CanSino Biologicals,,,,,REPORTING
SYR,CanSino - Convidecia,Convidecia,CanSino Biologicals,,,,,REPORTING
TUN,CanSino - Convidecia,Convidecia,CanSino Biologicals,,,,,REPORTING
KWT,CanSino - Convidecia,Convidecia,CanSino Biologicals,,,,,REPORTING
LBN,CanSino - Convidecia,Convidecia,CanSino Biologicals,,,,,REPORTING
LBY,CanSino - Convidecia,Convidecia,CanSino Biologicals,,,,,REPORTING
MAR,CanSino - Convidecia,Convidecia,CanSino Biologicals,,,,,REPORTING
OMN,CanSino - Convidecia,Convidecia,CanSino Biologicals,,,,,REPORTING
PSE,CanSino - Convidecia,Convidecia,CanSino Biologicals,,,,,REPORTING
BLR,Chumakov - Covi-Vac,Covi-Vac,Chumakov,,12/01/2022,,,REPORTING
MKD,Wuhan CNBG - Inactivated,Inactivated SARS-CoV-2 vaccine,Wuhan Institute of Biological Products (CNBG),,21/04/2021,,,REPORTING
CHN,Wuhan CNBG - Inactivated,Inactivated SARS-CoV-2 vaccine,Wuhan Institute of Biological Products (CNBG),22/07/2020,22/07/2020,,,REPORTING
ARM,Wuhan CNBG - Inactivated,Inactivated SARS-CoV-2 vaccine,Wuhan Institute of Biological Products (CNBG),,09/03/2022,,,REPORTING
CHE,Pfizer BioNTech - Comirnaty,Comirnaty,Pfizer BioNTech,,23/12/2020,,,REPORTING
PAK,Pfizer BioNTech - Comirnaty,Comirnaty,Pfizer BioNTech,20/01/2021,03/02/2021,,,REPORTING
MTQ,Pfizer BioNTech - Comirnaty,Comirnaty,Pfizer BioNTech,,,,,REPORTING
BWA,Pfizer BioNTech - Comirnaty,Comirnaty,Pfizer BioNTech,25/02/2021,26/03/2021,,,REPORTING
AZE,Pfizer BioNTech - Comirnaty,Comirnaty,Pfizer BioNTech,,09/06/2021,,,REPORTING
HND,Pfizer BioNTech - Comirnaty,Comirnaty,Pfizer BioNTech,,21/06/2021,,,REPORTING
MAR,Pfizer BioNTech - Comirnaty,Comirnaty,Pfizer BioNTech,06/01/2021,28/01/2021,,,REPORTING
GRD,Pfizer BioNTech - Comirnaty,Comirnaty,Pfizer BioNTech,,23/08/2021,,,REPORTING
GUY,Pfizer BioNTech - Comirnaty,Comirnaty,Pfizer BioNTech,,24/08/2021,,,REPORTING
SUR,Pfizer BioNTech - Comirnaty,Comirnaty,Pfizer BioNTech,20/08/2021,28/08/2021,,,REPORTING
ARG,Pfizer BioNTech - Comirnaty,Comirnaty,Pfizer BioNTech,,16/09/2021,,,REPORTING
BLZ,Pfizer BioNTech - Comirnaty,Comirnaty,Pfizer BioNTech,31/12/2021,21/08/2021,,,REPORTING
BRB,Pfizer BioNTech - Comirnaty,Comirnaty,Pfizer BioNTech,,19/08/2021,,,REPORTING
DMA,Pfizer BioNTech - Comirnaty,Comirnaty,Pfizer BioNTech,,23/09/2021,,,REPORTING
KNA,Pfizer BioNTech - Comirnaty,Comirnaty,Pfizer BioNTech,01/09/2021,01/09/2021,,,REPORTING
LCA,Pfizer BioNTech - Comirnaty,Comirnaty,Pfizer BioNTech,,,,,REPORTING
GTM,Pfizer BioNTech - Comirnaty,Comirnaty,Pfizer BioNTech,,22/08/2021,,,REPORTING
IDN,Pfizer BioNTech - Comirnaty,Comirnaty,Pfizer BioNTech,14/07/2021,23/08/2021,,,REPORTING
THA,Pfizer BioNTech - Comirnaty,Comirnaty,Pfizer BioNTech,24/06/2021,06/08/2021,,,REPORTING
PLW,Pfizer BioNTech - Comirnaty,Comirnaty,Pfizer BioNTech,11/12/2020,26/07/2021,,,REPORTING
DJI,Pfizer BioNTech - Comirnaty,Comirnaty,Pfizer BioNTech,22/02/2021,15/03/2021,,,REPORTING
ATG,Pfizer BioNTech - Comirnaty,Comirnaty,Pfizer BioNTech,12/08/2021,24/08/2021,,,REPORTING
BHS,Pfizer BioNTech - Comirnaty,Comirnaty,Pfizer BioNTech,,12/08/2021,,,REPORTING
LUX,Pfizer BioNTech - Comirnaty,Comirnaty,Pfizer BioNTech,,30/12/2020,,,REPORTING
MLT,Pfizer BioNTech - Comirnaty,Comirnaty,Pfizer BioNTech,,23/12/2020,,,REPORTING
CZE,Pfizer BioNTech - Comirnaty,Comirnaty,Pfizer BioNTech,,23/12/2020,,,REPORTING
MKD,Pfizer BioNTech - Comirnaty,Comirnaty,Pfizer BioNTech,,17/02/2021,,,REPORTING
VCT,Pfizer BioNTech - Comirnaty,Comirnaty,Pfizer BioNTech,,,,,REPORTING
EGY,Pfizer BioNTech - Comirnaty,Comirnaty,Pfizer BioNTech,30/12/2020,24/01/2021,,,REPORTING
LTU,Pfizer BioNTech - Comirnaty,Comirnaty,Pfizer BioNTech,,23/12/2020,,,REPORTING
ESP,Pfizer BioNTech - Comirnaty,Comirnaty,Pfizer BioNTech,,30/12/2020,,,REPORTING
FRA,Pfizer BioNTech - Comirnaty,Comirnaty,Pfizer BioNTech,,23/12/2020,,,REPORTING
POL,Pfizer BioNTech - Comirnaty,Comirnaty,Pfizer BioNTech,,23/12/2020,,,REPORTING
HUN,Pfizer BioNTech - Comirnaty,Comirnaty,Pfizer BioNTech,,23/12/2020,,,REPORTING
BGR,Pfizer BioNTech - Comirnaty,Comirnaty,Pfizer BioNTech,,30/12/2020,,,REPORTING
ROU,Pfizer BioNTech - Comirnaty,Comirnaty,Pfizer BioNTech,,27/01/2021,,,REPORTING
PRT,Pfizer BioNTech - Comirnaty,Comirnaty,Pfizer BioNTech,,23/12/2020,,,REPORTING
IRL,Pfizer BioNTech - Comirnaty,Comirnaty,Pfizer BioNTech,,30/12/2020,,,REPORTING
UKR,Pfizer BioNTech - Comirnaty,Comirnaty,Pfizer BioNTech,,14/04/2021,,,REPORTING
CYP,Pfizer BioNTech - Comirnaty,Comirnaty,Pfizer BioNTech,,23/12/2020,,,REPORTING
SWE,Pfizer BioNTech - Comirnaty,Comirnaty,Pfizer BioNTech,,23/12/2020,,,REPORTING
ISL,Pfizer BioNTech - Comirnaty,Comirnaty,Pfizer BioNTech,,30/12/2020,,,REPORTING
ITA,Pfizer BioNTech - Comirnaty,Comirnaty,Pfizer BioNTech,,23/12/2020,,,REPORTING
LVA,Pfizer BioNTech - Comirnaty,Comirnaty,Pfizer BioNTech,,30/12/2020,,,REPORTING
GRC,Pfizer BioNTech - Comirnaty,Comirnaty,Pfizer BioNTech,,23/12/2020,,,REPORTING
ISR,Pfizer BioNTech - Comirnaty,Comirnaty,Pfizer BioNTech,,16/12/2020,,,REPORTING
BEL,Pfizer BioNTech - Comirnaty,Comirnaty,Pfizer BioNTech,,30/12/2020,,,REPORTING
DEU,Pfizer BioNTech - Comirnaty,Comirnaty,Pfizer BioNTech,,23/12/2020,,,REPORTING
FIN,Pfizer BioNTech - Comirnaty,Comirnaty,Pfizer BioNTech,,23/12/2020,,,REPORTING
AUT,Pfizer BioNTech - Comirnaty,Comirnaty,Pfizer BioNTech,,30/12/2020,,,REPORTING
EST,Pfizer BioNTech - Comirnaty,Comirnaty,Pfizer BioNTech,,23/12/2020,,,REPORTING
ALB,Pfizer BioNTech - Comirnaty,Comirnaty,Pfizer BioNTech,,13/01/2021,,,REPORTING
NLD,Pfizer BioNTech - Comirnaty,Comirnaty,Pfizer BioNTech,,06/01/2021,,,REPORTING
MNG,Pfizer BioNTech - Comirnaty,Comirnaty,Pfizer BioNTech,10/01/2021,26/03/2021,,,REPORTING
JPN,Pfizer BioNTech - Comirnaty,Comirnaty,Pfizer BioNTech,14/02/2021,17/02/2021,,,REPORTING
SVN,Pfizer BioNTech - Comirnaty,Comirnaty,Pfizer BioNTech,,23/12/2020,,,REPORTING
DNK,Pfizer BioNTech - Comirnaty,Comirnaty,Pfizer BioNTech,,16/12/2020,,,REPORTING
HRV,Pfizer BioNTech - Comirnaty,Comirnaty,Pfizer BioNTech,,23/12/2020,,,REPORTING
SVK,Pfizer BioNTech - Comirnaty,Comirnaty,Pfizer BioNTech,,23/12/2020,,,REPORTING
PSE,Pfizer BioNTech - Comirnaty,Comirnaty,Pfizer BioNTech,25/01/2021,02/02/2021,,,REPORTING
SAU,Pfizer BioNTech - Comirnaty,Comirnaty,Pfizer BioNTech,10/12/2020,06/01/2021,,,REPORTING
JOR,Pfizer BioNTech - Comirnaty,Comirnaty,Pfizer BioNTech,13/12/2020,13/01/2021,,,REPORTING
LBN,Pfizer BioNTech - Comirnaty,Comirnaty,Pfizer BioNTech,16/12/2020,14/02/2021,,,REPORTING
PHL,Pfizer BioNTech - Comirnaty,Comirnaty,Pfizer BioNTech,14/01/2021,12/05/2021,,,REPORTING
MYS,Pfizer BioNTech - Comirnaty,Comirnaty,Pfizer BioNTech,08/01/2021,24/02/2021,,,REPORTING
OMN,Pfizer BioNTech - Comirnaty,Comirnaty,Pfizer BioNTech,14/02/2021,29/12/2020,,,REPORTING
QAT,Pfizer BioNTech - Comirnaty,Comirnaty,Pfizer BioNTech,,,,,REPORTING
KWT,Pfizer BioNTech - Comirnaty,Comirnaty,Pfizer BioNTech,13/12/2020,28/12/2020,,,REPORTING
TUN,Pfizer BioNTech - Comirnaty,Comirnaty,Pfizer BioNTech,11/01/2021,13/03/2021,,,REPORTING
BHR,Pfizer BioNTech - Comirnaty,Comirnaty,Pfizer BioNTech,03/11/2020,04/11/2020,,,REPORTING
ARE,Pfizer BioNTech - Comirnaty,Comirnaty,Pfizer BioNTech,,,,,REPORTING
MEX,Pfizer BioNTech - Comirnaty,Comirnaty,Pfizer BioNTech,11/12/2020,24/12/2020,,,REPORTING
CRI,Pfizer BioNTech - Comirnaty,Comirnaty,Pfizer BioNTech,15/12/2020,24/12/2020,,,REPORTING
USA,Pfizer BioNTech - Comirnaty,Comirnaty,Pfizer BioNTech,11/12/2020,14/12/2020,,,REPORTING
CYM,Pfizer BioNTech - Comirnaty,Comirnaty,Pfizer BioNTech,02/12/2020,15/01/2021,,,REPORTING
COL,Pfizer BioNTech - Comirnaty,Comirnaty,Pfizer BioNTech,05/01/2021,17/02/2021,,,REPORTING
ABW,Pfizer BioNTech - Comirnaty,Comirnaty,Pfizer BioNTech,,17/02/2021,,,REPORTING
TCA,Pfizer BioNTech - Comirnaty,Comirnaty,Pfizer BioNTech,,11/01/2021,,,REPORTING
ECU,Pfizer BioNTech - Comirnaty,Comirnaty,Pfizer BioNTech,17/12/2021,20/01/2021,,,REPORTING
CAN,Pfizer BioNTech - Comirnaty,Comirnaty,Pfizer BioNTech,09/12/2020,14/12/2020,,,REPORTING
PAN,Pfizer BioNTech - Comirnaty,Comirnaty,Pfizer BioNTech,28/12/2020,20/01/2021,,,REPORTING
CHL,Pfizer BioNTech - Comirnaty,Comirnaty,Pfizer BioNTech,16/12/2020,21/12/2020,,,REPORTING
BMU,Pfizer BioNTech - Comirnaty,Comirnaty,Pfizer BioNTech,02/12/2020,11/01/2021,,,REPORTING
ZAF,Pfizer BioNTech - Comirnaty,Comirnaty,Pfizer BioNTech,,,,,REPORTING
TON,Pfizer BioNTech - Comirnaty,Comirnaty,Pfizer BioNTech,13/10/2021,21/10/2021,,,REPORTING
TLS,Pfizer BioNTech - Comirnaty,Comirnaty,Pfizer BioNTech,27/08/2021,27/10/2021,,,REPORTING
KGZ,Pfizer BioNTech - Comirnaty,Comirnaty,Pfizer BioNTech,,03/11/2021,,,REPORTING
AIA,Pfizer BioNTech - Comirnaty,Comirnaty,Pfizer BioNTech,,06/09/2021,,,REPORTING
XKX,Pfizer BioNTech - Comirnaty,Comirnaty,Pfizer BioNTech,,05/05/2021,,,REPORTING
GAB,Pfizer BioNTech - Comirnaty,Comirnaty,Pfizer BioNTech,,,,,REPORTING
KEN,Pfizer BioNTech - Comirnaty,Comirnaty,Pfizer BioNTech,,,,,REPORTING
NAM,Pfizer BioNTech - Comirnaty,Comirnaty,Pfizer BioNTech,09/07/2021,,,,REPORTING
SWZ,Pfizer BioNTech - Comirnaty,Comirnaty,Pfizer BioNTech,,,,,REPORTING
TZA,Pfizer BioNTech - Comirnaty,Comirnaty,Pfizer BioNTech,24/08/2021,,,,REPORTING
UGA,Pfizer BioNTech - Comirnaty,Comirnaty,Pfizer BioNTech,,,,,REPORTING
UZB,Pfizer BioNTech - Comirnaty,Comirnaty,Pfizer BioNTech,,15/09/2021,,,REPORTING
TJK,Pfizer BioNTech - Comirnaty,Comirnaty,Pfizer BioNTech,,06/10/2021,,,REPORTING
NIC,Pfizer BioNTech - Comirnaty,Comirnaty,Pfizer BioNTech,31/12/2020,13/10/2021,,,REPORTING
BEN,Pfizer BioNTech - Comirnaty,Comirnaty,Pfizer BioNTech,,,,,REPORTING
CIV,Pfizer BioNTech - Comirnaty,Comirnaty,Pfizer BioNTech,15/01/2021,,,,REPORTING
CMR,Pfizer BioNTech - Comirnaty,Comirnaty,Pfizer BioNTech,19/08/2021,,,,REPORTING
FSM,Pfizer BioNTech - Comirnaty,Comirnaty,Pfizer BioNTech,11/12/2020,24/08/2021,,,REPORTING
MHL,Pfizer BioNTech - Comirnaty,Comirnaty,Pfizer BioNTech,11/12/2020,01/10/2021,,,REPORTING
LIE,Pfizer BioNTech - Comirnaty,Comirnaty,Pfizer BioNTech,,06/01/2021,,,REPORTING
SMR,Pfizer BioNTech - Comirnaty,Comirnaty,Pfizer BioNTech,,03/03/2021,,,REPORTING
GUF,Pfizer BioNTech - Comirnaty,Comirnaty,Pfizer BioNTech,,13/01/2021,,,REPORTING
JAM,Pfizer BioNTech - Comirnaty,Comirnaty,Pfizer BioNTech,16/08/2021,21/08/2021,,,REPORTING
WSM,Pfizer BioNTech - Comirnaty,Comirnaty,Pfizer BioNTech,,25/10/2021,,,REPORTING
ARM,Pfizer BioNTech - Comirnaty,Comirnaty,Pfizer BioNTech,,16/02/2022,,,REPORTING
IRN,Pfizer BioNTech - Comirnaty,Comirnaty,Pfizer BioNTech,,,,,REPORTING
LBY,Pfizer BioNTech - Comirnaty,Comirnaty,Pfizer BioNTech,24/02/2021,11/04/2021,,,REPORTING
IRQ,Pfizer BioNTech - Comirnaty,Comirnaty,Pfizer BioNTech,29/12/2020,02/03/2021,,,REPORTING
CUW,Pfizer BioNTech - Comirnaty,Comirnaty,Pfizer BioNTech,,24/02/2021,,,REPORTING
GBR,Pfizer BioNTech - Comirnaty,Comirnaty,Pfizer BioNTech,,21/12/2020,,,REPORTING
URY,Pfizer BioNTech - Comirnaty,Comirnaty,Pfizer BioNTech,21/01/2021,12/03/2021,,,REPORTING
KAZ,Pfizer BioNTech - Comirnaty,Comirnaty,Pfizer BioNTech,,10/11/2021,,,REPORTING
NPL,Pfizer BioNTech - Comirnaty,Comirnaty,Pfizer BioNTech,30/06/2021,14/11/2021,,,REPORTING
KHM,Pfizer BioNTech - Comirnaty,Comirnaty,Pfizer BioNTech,02/08/2021,14/01/2022,,,REPORTING
SLB,Pfizer BioNTech - Comirnaty,Comirnaty,Pfizer BioNTech,15/10/2021,16/12/2021,,,REPORTING
PRI,Pfizer BioNTech - Comirnaty,Comirnaty,Pfizer BioNTech,11/12/2020,,,,REPORTING
CPV,Pfizer BioNTech - Comirnaty,Comirnaty,Pfizer BioNTech,19/02/2021,18/03/2021,,,REPORTING
SDN,Pfizer BioNTech - Comirnaty,Comirnaty,Pfizer BioNTech,,,,,REPORTING
AFG,Pfizer BioNTech - Comirnaty,Comirnaty,Pfizer BioNTech,,,,,REPORTING
SLV,Pfizer BioNTech - Comirnaty,Comirnaty,Pfizer BioNTech,17/01/2021,23/03/2021,,,REPORTING
BES,Pfizer BioNTech - Comirnaty,Comirnaty,Pfizer BioNTech,,22/02/2021,,,REPORTING
BTN,Pfizer BioNTech - Comirnaty,Comirnaty,Pfizer BioNTech,08/03/2021,20/07/2021,,,REPORTING
SOM,Pfizer BioNTech - Comirnaty,Comirnaty,Pfizer BioNTech,22/02/2021,16/03/2021,,,REPORTING
SYR,Pfizer BioNTech - Comirnaty,Comirnaty,Pfizer BioNTech,03/02/2021,01/04/2021,,,REPORTING
YEM,Pfizer BioNTech - Comirnaty,Comirnaty,Pfizer BioNTech,,,,,REPORTING
SXM,Pfizer BioNTech - Comirnaty,Comirnaty,Pfizer BioNTech,,22/02/2021,,,REPORTING
PER,Pfizer BioNTech - Comirnaty,Comirnaty,Pfizer BioNTech,01/02/2021,08/03/2021,,,REPORTING
BRN,Pfizer BioNTech - Comirnaty,Comirnaty,Pfizer BioNTech,,,,,REPORTING
GEO,Pfizer BioNTech - Comirnaty,Comirnaty,Pfizer BioNTech,,31/03/2021,,,REPORTING
NOR,Pfizer BioNTech - Comirnaty,Comirnaty,Pfizer BioNTech,,23/12/2020,,,REPORTING
MDA,Pfizer BioNTech - Comirnaty,Comirnaty,Pfizer BioNTech,,24/03/2021,,,REPORTING
BGD,Pfizer BioNTech - Comirnaty,Comirnaty,Pfizer BioNTech,08/03/2021,21/06/2021,,,REPORTING
MDV,Pfizer BioNTech - Comirnaty,Comirnaty,Pfizer BioNTech,14/03/2021,13/04/2021,,,REPORTING
PYF,Pfizer BioNTech - Comirnaty,Comirnaty,Pfizer BioNTech,29/12/2020,18/01/2021,,,REPORTING
SGP,Pfizer BioNTech - Comirnaty,Comirnaty,Pfizer BioNTech,14/12/2020,30/12/2020,,,REPORTING
NCL,Pfizer BioNTech - Comirnaty,Comirnaty,Pfizer BioNTech,29/12/2020,20/01/2021,,,REPORTING
NZL,Pfizer BioNTech - Comirnaty,Comirnaty,Pfizer BioNTech,03/02/2021,19/02/2021,,,REPORTING
GUM,Pfizer BioNTech - Comirnaty,Comirnaty,Pfizer BioNTech,11/12/2020,04/01/2021,,,REPORTING
LAO,Pfizer BioNTech - Comirnaty,Comirnaty,Pfizer BioNTech,07/05/2021,15/06/2021,,,REPORTING
RWA,Pfizer BioNTech - Comirnaty,Comirnaty,Pfizer BioNTech,19/02/2021,05/03/2021,,,REPORTING
GIN,Pfizer BioNTech - Comirnaty,Comirnaty,Pfizer BioNTech,27/01/2021,05/03/2021,,,REPORTING
KOR,Pfizer BioNTech - Comirnaty,Comirnaty,Pfizer BioNTech,04/03/2021,27/02/2021,,,REPORTING
ASM,Pfizer BioNTech - Comirnaty,Comirnaty,Pfizer BioNTech,11/12/2020,21/12/2020,,,REPORTING
MNP,Pfizer BioNTech - Comirnaty,Comirnaty,Pfizer BioNTech,11/12/2020,19/12/2020,,,REPORTING
AUS,Pfizer BioNTech - Comirnaty,Comirnaty,Pfizer BioNTech,25/01/2021,21/02/2021,,,REPORTING
GLP,Pfizer BioNTech - Comirnaty,Comirnaty,Pfizer BioNTech,,08/01/2021,,,REPORTING
SRB,Pfizer BioNTech - Comirnaty,Comirnaty,Pfizer BioNTech,,23/12/2020,,,REPORTING
BRA,Pfizer BioNTech - Comirnaty,Comirnaty,Pfizer BioNTech,23/02/2021,03/05/2021,,,REPORTING
DOM,Pfizer BioNTech - Comirnaty,Comirnaty,Pfizer BioNTech,,,,,REPORTING
MSR,Pfizer BioNTech - Comirnaty,Comirnaty,Pfizer BioNTech,,,,,REPORTING
VGB,Pfizer BioNTech - Comirnaty,Comirnaty,Pfizer BioNTech,,,,,REPORTING
NIU,Pfizer BioNTech - Comirnaty,Comirnaty,Pfizer BioNTech,,08/06/2021,,,REPORTING
TKL,Pfizer BioNTech - Comirnaty,Comirnaty,Pfizer BioNTech,03/02/2021,20/07/2021,,,REPORTING
AND,Pfizer BioNTech - Comirnaty,Comirnaty,Pfizer BioNTech,,20/01/2021,,,REPORTING
BOL,Pfizer BioNTech - Comirnaty,Comirnaty,Pfizer BioNTech,29/04/2021,30/04/2021,,,REPORTING
MNE,Pfizer BioNTech - Comirnaty,Comirnaty,Pfizer BioNTech,,05/05/2021,,,REPORTING
CHN,Pfizer BioNTech - Comirnaty,Comirnaty,Pfizer BioNTech,25/01/2021,06/03/2021,,,REPORTING
VNM,Pfizer BioNTech - Comirnaty,Comirnaty,Pfizer BioNTech,12/06/2021,01/07/2021,,,REPORTING
LKA,Pfizer BioNTech - Comirnaty,Comirnaty,Pfizer BioNTech,08/05/2021,07/07/2021,,,REPORTING
PRY,Pfizer BioNTech - Comirnaty,Comirnaty,Pfizer BioNTech,,12/07/2021,,,REPORTING
TTO,Pfizer BioNTech - Comirnaty,Comirnaty,Pfizer BioNTech,,12/10/2021,,,REPORTING
MCO,Pfizer BioNTech - Comirnaty,Comirnaty,Pfizer BioNTech,,30/06/2021,,,REPORTING
COK,Pfizer BioNTech - Comirnaty,Comirnaty,Pfizer BioNTech,03/02/2021,17/05/2021,,,REPORTING
CHE,Moderna - Spikevax,Spikevax,Moderna,,23/12/2020,,,REPORTING
PRY,Moderna - Spikevax,Spikevax,Moderna,29/12/2020,09/06/2021,,,REPORTING
GLP,Moderna - Spikevax,Spikevax,Moderna,,,,,REPORTING
BWA,Moderna - Spikevax,Spikevax,Moderna,16/04/2021,26/03/2021,,,REPORTING
JOR,Moderna - Spikevax,Spikevax,Moderna,13/12/2020,13/01/2021,,,REPORTING
BHR,Moderna - Spikevax,Spikevax,Moderna,,,,,REPORTING
COL,Moderna - Spikevax,Spikevax,Moderna,25/06/2021,27/07/2021,,,REPORTING
MEX,Moderna - Spikevax,Spikevax,Moderna,17/08/2021,13/01/2021,,,REPORTING
TUN,Moderna - Spikevax,Spikevax,Moderna,11/01/2021,13/03/2021,,,REPORTING
SUR,Moderna - Spikevax,Spikevax,Moderna,14/07/2021,27/07/2021,,,REPORTING
RWA,Moderna - Spikevax,Spikevax,Moderna,29/07/2021,,,,REPORTING
GUY,Moderna - Spikevax,Spikevax,Moderna,,03/07/2021,,,REPORTING
TJK,Moderna - Spikevax,Spikevax,Moderna,,28/07/2021,,,REPORTING
UZB,Moderna - Spikevax,Spikevax,Moderna,,28/07/2021,,,REPORTING
ARG,Moderna - Spikevax,Spikevax,Moderna,23/07/2021,02/08/2021,,,REPORTING
IND,Moderna - Spikevax,Spikevax,Moderna,29/06/2021,,,,REPORTING
LVA,Moderna - Spikevax,Spikevax,Moderna,,13/01/2021,,,REPORTING
CYP,Moderna - Spikevax,Spikevax,Moderna,,20/01/2021,,,REPORTING
HRV,Moderna - Spikevax,Spikevax,Moderna,,30/12/2020,,,REPORTING
IRL,Moderna - Spikevax,Spikevax,Moderna,,30/12/2020,,,REPORTING
ROU,Moderna - Spikevax,Spikevax,Moderna,,03/02/2021,,,REPORTING
CZE,Moderna - Spikevax,Spikevax,Moderna,,30/12/2020,,,REPORTING
LTU,Moderna - Spikevax,Spikevax,Moderna,,13/01/2021,,,REPORTING
BGR,Moderna - Spikevax,Spikevax,Moderna,,13/01/2021,,,REPORTING
DNK,Moderna - Spikevax,Spikevax,Moderna,,16/12/2020,,,REPORTING
FIN,Moderna - Spikevax,Spikevax,Moderna,,23/12/2020,,,REPORTING
SVN,Moderna - Spikevax,Spikevax,Moderna,,20/01/2021,,,REPORTING
HUN,Moderna - Spikevax,Spikevax,Moderna,,13/01/2021,,,REPORTING
SWE,Moderna - Spikevax,Spikevax,Moderna,,17/02/2021,,,REPORTING
PRT,Moderna - Spikevax,Spikevax,Moderna,,23/12/2020,,,REPORTING
DEU,Moderna - Spikevax,Spikevax,Moderna,,13/01/2021,,,REPORTING
POL,Moderna - Spikevax,Spikevax,Moderna,,30/12/2020,,,REPORTING
ITA,Moderna - Spikevax,Spikevax,Moderna,,06/01/2021,,,REPORTING
NLD,Moderna - Spikevax,Spikevax,Moderna,,13/01/2021,,,REPORTING
GRC,Moderna - Spikevax,Spikevax,Moderna,,23/12/2020,,,REPORTING
BEL,Moderna - Spikevax,Spikevax,Moderna,,13/01/2021,,,REPORTING
ISL,Moderna - Spikevax,Spikevax,Moderna,,13/01/2021,,,REPORTING
LUX,Moderna - Spikevax,Spikevax,Moderna,,20/01/2021,,,REPORTING
FRA,Moderna - Spikevax,Spikevax,Moderna,,13/01/2021,,,REPORTING
ESP,Moderna - Spikevax,Spikevax,Moderna,,13/01/2021,,,REPORTING
CAN,Moderna - Spikevax,Spikevax,Moderna,23/12/2020,,,,REPORTING
USA,Moderna - Spikevax,Spikevax,Moderna,18/12/2020,21/12/2020,,,REPORTING
PSE,Moderna - Spikevax,Spikevax,Moderna,25/01/2021,02/02/2021,,,REPORTING
EST,Moderna - Spikevax,Spikevax,Moderna,,20/01/2021,,,REPORTING
AUT,Moderna - Spikevax,Spikevax,Moderna,,13/01/2021,,,REPORTING
SVK,Moderna - Spikevax,Spikevax,Moderna,,30/12/2020,,,REPORTING
CPV,Moderna - Spikevax,Spikevax,Moderna,,,,,REPORTING
KEN,Moderna - Spikevax,Spikevax,Moderna,,,,,REPORTING
UGA,Moderna - Spikevax,Spikevax,Moderna,,,,,REPORTING
DMA,Moderna - Spikevax,Spikevax,Moderna,,10/02/2022,,,REPORTING
MKD,Moderna - Spikevax,Spikevax,Moderna,,10/08/2022,,,REPORTING
GRD,Moderna - Spikevax,Spikevax,Moderna,,23/03/2022,,,REPORTING
PLW,Moderna - Spikevax,Spikevax,Moderna,18/12/2020,03/01/2021,,,REPORTING
SAU,Moderna - Spikevax,Spikevax,Moderna,10/12/2020,06/01/2021,,,REPORTING
LIE,Moderna - Spikevax,Spikevax,Moderna,,13/01/2021,,,REPORTING
MLT,Moderna - Spikevax,Spikevax,Moderna,,13/01/2021,,,REPORTING
GUF,Moderna - Spikevax,Spikevax,Moderna,,,,,REPORTING
ARM,Moderna - Spikevax,Spikevax,Moderna,,06/10/2021,,,REPORTING
DJI,Moderna - Spikevax,Spikevax,Moderna,,,,,REPORTING
EGY,Moderna - Spikevax,Spikevax,Moderna,30/12/2020,24/01/2021,,,REPORTING
LBY,Moderna - Spikevax,Spikevax,Moderna,24/02/2021,11/04/2021,,,REPORTING
HND,Moderna - Spikevax,Spikevax,Moderna,17/02/2021,22/02/2021,,,REPORTING
GTM,Moderna - Spikevax,Spikevax,Moderna,25/02/2021,25/02/2021,,,REPORTING
JPN,Moderna - Spikevax,Spikevax,Moderna,21/05/2021,24/05/2021,,,REPORTING
KHM,Moderna - Spikevax,Spikevax,Moderna,02/08/2021,16/12/2021,,,REPORTING
MYS,Moderna - Spikevax,Spikevax,Moderna,05/08/2021,,,,REPORTING
CRI,Moderna - Spikevax,Spikevax,Moderna,,,,,REPORTING
LCA,Moderna - Spikevax,Spikevax,Moderna,,,,,REPORTING
CHL,Moderna - Spikevax,Spikevax,Moderna,02/02/2022,02/02/2022,,,REPORTING
AFG,Moderna - Spikevax,Spikevax,Moderna,,,,,REPORTING
SRB,Moderna - Spikevax,Spikevax,Moderna,,10/11/2021,,,REPORTING
MDA,Moderna - Spikevax,Spikevax,Moderna,,08/12/2021,,,REPORTING
NPL,Moderna - Spikevax,Spikevax,Moderna,15/09/2021,19/12/2021,,,REPORTING
KGZ,Moderna - Spikevax,Spikevax,Moderna,,15/12/2021,,,REPORTING
BOL,Moderna - Spikevax,Spikevax,Moderna,,10/01/2022,,,REPORTING
AUS,Moderna - Spikevax,Spikevax,Moderna,09/08/2021,20/09/2021,,,REPORTING
YEM,Moderna - Spikevax,Spikevax,Moderna,,,,,REPORTING
PER,Moderna - Spikevax,Spikevax,Moderna,,,,,REPORTING
MCO,Moderna - Spikevax,Spikevax,Moderna,,02/03/2022,,,REPORTING
QAT,Moderna - Spikevax,Spikevax,Moderna,,,,,REPORTING
ISR,Moderna - Spikevax,Spikevax,Moderna,,03/03/2021,,,REPORTING
GBR,Moderna - Spikevax,Spikevax,Moderna,,11/01/2021,,,REPORTING
MAR,Moderna - Spikevax,Spikevax,Moderna,,,,,REPORTING
OMN,Moderna - Spikevax,Spikevax,Moderna,,,,,REPORTING
SOM,Moderna - Spikevax,Spikevax,Moderna,,,,,REPORTING
SDN,Moderna - Spikevax,Spikevax,Moderna,,,,,REPORTING
SYR,Moderna - Spikevax,Spikevax,Moderna,,,,,REPORTING
ARE,Moderna - Spikevax,Spikevax,Moderna,,,,,REPORTING
SXM,Moderna - Spikevax,Spikevax,Moderna,,,,,REPORTING
BES,Moderna - Spikevax,Spikevax,Moderna,,22/02/2021,,,REPORTING
CUW,Moderna - Spikevax,Spikevax,Moderna,,,,,REPORTING
IRN,Moderna - Spikevax,Spikevax,Moderna,,,,,REPORTING
IRQ,Moderna - Spikevax,Spikevax,Moderna,,,,,REPORTING
LBN,Moderna - Spikevax,Spikevax,Moderna,16/12/2020,14/02/2021,,,REPORTING
KOR,Moderna - Spikevax,Spikevax,Moderna,21/05/2021,01/06/2021,,,REPORTING
BRN,Moderna - Spikevax,Spikevax,Moderna,09/04/2021,21/06/2021,,,REPORTING
PHL,Moderna - Spikevax,Spikevax,Moderna,05/05/2021,01/07/2021,,,REPORTING
MNG,Moderna - Spikevax,Spikevax,Moderna,10/01/2021,,,,REPORTING
NOR,Moderna - Spikevax,Spikevax,Moderna,,06/01/2021,,,REPORTING
PRI,Moderna - Spikevax,Spikevax,Moderna,,,,,REPORTING
MNP,Moderna - Spikevax,Spikevax,Moderna,18/12/2020,12/01/2021,,,REPORTING
BMU,Moderna - Spikevax,Spikevax,Moderna,,,,,REPORTING
NIC,Moderna - Spikevax,Spikevax,Moderna,,07/03/2022,,,REPORTING
COG,Moderna - Spikevax,Spikevax,Moderna,03/03/2021,23/03/2021,,,REPORTING
SGP,Moderna - Spikevax,Spikevax,Moderna,03/02/2021,17/03/2021,,,REPORTING
WLF,Moderna - Spikevax,Spikevax,Moderna,06/01/2021,19/03/2021,,,REPORTING
AND,Moderna - Spikevax,Spikevax,Moderna,,14/07/2021,,,REPORTING
UKR,Moderna - Spikevax,Spikevax,Moderna,,21/07/2021,,,REPORTING
MHL,Moderna - Spikevax,Spikevax,Moderna,18/12/2020,29/12/2020,,,REPORTING
FSM,Moderna - Spikevax,Spikevax,Moderna,18/12/2020,13/01/2021,,,REPORTING
ASM,Moderna - Spikevax,Spikevax,Moderna,18/12/2020,23/12/2020,,,REPORTING
GUM,Moderna - Spikevax,Spikevax,Moderna,18/12/2020,29/01/2021,,,REPORTING
FJI,Moderna - Spikevax,Spikevax,Moderna,01/09/2021,,,,REPORTING
VNM,Moderna - Spikevax,Spikevax,Moderna,28/06/2021,01/07/2021,,,REPORTING
HTI,Moderna - Spikevax,Spikevax,Moderna,,,,,REPORTING
SLV,Moderna - Spikevax,Spikevax,Moderna,03/06/2021,02/08/2021,,,REPORTING
BTN,Moderna - Spikevax,Spikevax,Moderna,22/06/2021,20/07/2021,,,REPORTING
IDN,Moderna - Spikevax,Spikevax,Moderna,01/07/2021,25/07/2021,,,REPORTING
KWT,Moderna - Spikevax,Spikevax,Moderna,13/12/2020,28/12/2020,,,REPORTING
PAK,Moderna - Spikevax,Spikevax,Moderna,20/01/2021,03/02/2021,,,REPORTING
BGD,Moderna - Spikevax,Spikevax,Moderna,27/06/2021,13/07/2021,,,REPORTING
LKA,Moderna - Spikevax,Spikevax,Moderna,28/06/2021,18/07/2021,,,REPORTING
MDV,Moderna - Spikevax,Spikevax,Moderna,06/06/2021,,,,REPORTING
THA,Moderna - Spikevax,Spikevax,Moderna,13/05/2021,08/11/2021,,,REPORTING
TKM,SRCVB - EpiVacCorona,EpiVacCorona,State Research Center of Virology & Biotechnology,,24/02/2021,,,REPORTING
PAK,Bharat - Covaxin,Covaxin,Bharat Biotech,,,,,REPORTING
CAF,Bharat - Covaxin,Covaxin,Bharat Biotech,26/02/2021,19/03/2021,,,REPORTING
ZWE,Bharat - Covaxin,Covaxin,Bharat Biotech,,18/02/2021,,,REPORTING
PRY,Bharat - Covaxin,Covaxin,Bharat Biotech,03/01/2021,10/04/2021,,,REPORTING
COM,Bharat - Covaxin,Covaxin,Bharat Biotech,01/02/2021,10/04/2021,,,REPORTING
MUS,Bharat - Covaxin,Covaxin,Bharat Biotech,18/03/2021,,,,REPORTING
BWA,Bharat - Covaxin,Covaxin,Bharat Biotech,16/04/2021,,,,REPORTING
IND,Bharat - Covaxin,Covaxin,Bharat Biotech,03/01/2021,16/01/2021,,,REPORTING
IRN,Bharat - Covaxin,Covaxin,Bharat Biotech,27/01/2021,09/02/2021,,,REPORTING
NPL,Bharat - Covaxin,Covaxin,Bharat Biotech,19/03/2021,,,,REPORTING
ETH,Bharat - Covaxin,Covaxin,Bharat Biotech,03/03/2021,13/03/2021,,,REPORTING
AFG,Bharat - Covaxin,Covaxin,Bharat Biotech,23/02/2021,22/02/2021,,,REPORTING
BHR,Bharat - Covaxin,Covaxin,Bharat Biotech,,,,,REPORTING
DJI,Bharat - Covaxin,Covaxin,Bharat Biotech,,,,,REPORTING
EGY,Bharat - Covaxin,Covaxin,Bharat Biotech,,,,,REPORTING
SDN,Bharat - Covaxin,Covaxin,Bharat Biotech,,,,,REPORTING
SYR,Bharat - Covaxin,Covaxin,Bharat Biotech,,,,,REPORTING
TUN,Bharat - Covaxin,Covaxin,Bharat Biotech,,,,,REPORTING
ARE,Bharat - Covaxin,Covaxin,Bharat Biotech,,,,,REPORTING
YEM,Bharat - Covaxin,Covaxin,Bharat Biotech,,,,,REPORTING
PRT,Bharat - Covaxin,Covaxin,Bharat Biotech,,06/01/2021,,,REPORTING
MAR,Bharat - Covaxin,Covaxin,Bharat Biotech,,,,,REPORTING
OMN,Bharat - Covaxin,Covaxin,Bharat Biotech,,,,,REPORTING
PSE,Bharat - Covaxin,Covaxin,Bharat Biotech,,,,,REPORTING
QAT,Bharat - Covaxin,Covaxin,Bharat Biotech,,,,,REPORTING
SAU,Bharat - Covaxin,Covaxin,Bharat Biotech,,,,,REPORTING
SOM,Bharat - Covaxin,Covaxin,Bharat Biotech,,,,,REPORTING
PHL,Bharat - Covaxin,Covaxin,Bharat Biotech,19/04/2021,,,,REPORTING
IRQ,Bharat - Covaxin,Covaxin,Bharat Biotech,,,,,REPORTING
JOR,Bharat - Covaxin,Covaxin,Bharat Biotech,,,,,REPORTING
KWT,Bharat - Covaxin,Covaxin,Bharat Biotech,,,,,REPORTING
LBN,Bharat - Covaxin,Covaxin,Bharat Biotech,,,,,REPORTING
LBY,Bharat - Covaxin,Covaxin,Bharat Biotech,,,,,REPORTING
MDA,Janssen - Ad26.COV 2-S,Ad26.COV 2-S,Janssen Pharmaceuticals,,26/05/2021,,,REPORTING
MLT,Janssen - Ad26.COV 2-S,Ad26.COV 2-S,Janssen Pharmaceuticals,,24/02/2021,,,REPORTING
DNK,Janssen - Ad26.COV 2-S,Ad26.COV 2-S,Janssen Pharmaceuticals,,06/01/2021,,,REPORTING
MEX,Janssen - Ad26.COV 2-S,Ad26.COV 2-S,Janssen Pharmaceuticals,27/05/2021,18/01/2021,,,REPORTING
BRA,Janssen - Ad26.COV 2-S,Ad26.COV 2-S,Janssen Pharmaceuticals,,23/06/2021,,,REPORTING
SVK,Janssen - Ad26.COV 2-S,Ad26.COV 2-S,Janssen Pharmaceuticals,,03/03/2021,,,REPORTING
YEM,Janssen - Ad26.COV 2-S,Ad26.COV 2-S,Janssen Pharmaceuticals,27/02/2021,20/04/2021,,,REPORTING
ATG,Janssen - Ad26.COV 2-S,Ad26.COV 2-S,Janssen Pharmaceuticals,27/08/2021,06/09/2021,,,REPORTING
BLZ,Janssen - Ad26.COV 2-S,Ad26.COV 2-S,Janssen Pharmaceuticals,,01/09/2021,,,REPORTING
BHS,Janssen - Ad26.COV 2-S,Ad26.COV 2-S,Janssen Pharmaceuticals,,19/08/2021,,,REPORTING
VGB,Janssen - Ad26.COV 2-S,Ad26.COV 2-S,Janssen Pharmaceuticals,,,,,REPORTING
IND,Janssen - Ad26.COV 2-S,Ad26.COV 2-S,Janssen Pharmaceuticals,05/08/2021,,,,REPORTING
KHM,Janssen - Ad26.COV 2-S,Ad26.COV 2-S,Janssen Pharmaceuticals,21/07/2021,01/08/2021,,,REPORTING
EGY,Janssen - Ad26.COV 2-S,Ad26.COV 2-S,Janssen Pharmaceuticals,30/12/2020,24/01/2021,,,REPORTING
PNG,Janssen - Ad26.COV 2-S,Ad26.COV 2-S,Janssen Pharmaceuticals,21/06/2021,28/08/2021,,,REPORTING
TTO,Janssen - Ad26.COV 2-S,Ad26.COV 2-S,Janssen Pharmaceuticals,,23/10/2021,,,REPORTING
SEN,Janssen - Ad26.COV 2-S,Ad26.COV 2-S,Janssen Pharmaceuticals,20/07/2021,,,,REPORTING
CHE,Janssen - Ad26.COV 2-S,Ad26.COV 2-S,Janssen Pharmaceuticals,,23/12/2020,,,REPORTING
GRD,Janssen - Ad26.COV 2-S,Ad26.COV 2-S,Janssen Pharmaceuticals,,12/11/2021,,,REPORTING
SDN,Janssen - Ad26.COV 2-S,Ad26.COV 2-S,Janssen Pharmaceuticals,20/02/2021,09/03/2021,,,REPORTING
SOM,Janssen - Ad26.COV 2-S,Ad26.COV 2-S,Janssen Pharmaceuticals,22/02/2021,16/03/2021,,,REPORTING
JAM,Janssen - Ad26.COV 2-S,Ad26.COV 2-S,Janssen Pharmaceuticals,13/07/2021,14/07/2021,,,REPORTING
TZA,Janssen - Ad26.COV 2-S,Ad26.COV 2-S,Janssen Pharmaceuticals,20/07/2021,28/07/2021,,,REPORTING
UGA,Janssen - Ad26.COV 2-S,Ad26.COV 2-S,Janssen Pharmaceuticals,,,,,REPORTING
ZMB,Janssen - Ad26.COV 2-S,Ad26.COV 2-S,Janssen Pharmaceuticals,,,,,REPORTING
NIC,Janssen - Ad26.COV 2-S,Ad26.COV 2-S,Janssen Pharmaceuticals,25/06/2021,08/10/2021,,,REPORTING
NCL,Janssen - Ad26.COV 2-S,Ad26.COV 2-S,Janssen Pharmaceuticals,,,,,REPORTING
IDN,Janssen - Ad26.COV 2-S,Ad26.COV 2-S,Janssen Pharmaceuticals,07/09/2021,28/10/2021,,,REPORTING
MOZ,Janssen - Ad26.COV 2-S,Ad26.COV 2-S,Janssen Pharmaceuticals,26/07/2021,,,,REPORTING
MWI,Janssen - Ad26.COV 2-S,Ad26.COV 2-S,Janssen Pharmaceuticals,,,,,REPORTING
NAM,Janssen - Ad26.COV 2-S,Ad26.COV 2-S,Janssen Pharmaceuticals,02/08/2021,,,,REPORTING
RWA,Janssen - Ad26.COV 2-S,Ad26.COV 2-S,Janssen Pharmaceuticals,11/06/2021,,,,REPORTING
SSD,Janssen - Ad26.COV 2-S,Ad26.COV 2-S,Janssen Pharmaceuticals,,,,,REPORTING
SWZ,Janssen - Ad26.COV 2-S,Ad26.COV 2-S,Janssen Pharmaceuticals,,,,,REPORTING
CIV,Janssen - Ad26.COV 2-S,Ad26.COV 2-S,Janssen Pharmaceuticals,15/01/2021,,,,REPORTING
CMR,Janssen - Ad26.COV 2-S,Ad26.COV 2-S,Janssen Pharmaceuticals,22/07/2021,,,,REPORTING
ETH,Janssen - Ad26.COV 2-S,Ad26.COV 2-S,Janssen Pharmaceuticals,,,,,REPORTING
KEN,Janssen - Ad26.COV 2-S,Ad26.COV 2-S,Janssen Pharmaceuticals,,,,,REPORTING
LSO,Janssen - Ad26.COV 2-S,Ad26.COV 2-S,Janssen Pharmaceuticals,07/07/2021,,,,REPORTING
MDG,Janssen - Ad26.COV 2-S,Ad26.COV 2-S,Janssen Pharmaceuticals,21/07/2021,,,,REPORTING
USA,Janssen - Ad26.COV 2-S,Ad26.COV 2-S,Janssen Pharmaceuticals,,01/03/2021,,,REPORTING
JOR,Janssen - Ad26.COV 2-S,Ad26.COV 2-S,Janssen Pharmaceuticals,13/12/2020,13/01/2021,,,REPORTING
CAN,Janssen - Ad26.COV 2-S,Ad26.COV 2-S,Janssen Pharmaceuticals,,,,,REPORTING
BEN,Janssen - Ad26.COV 2-S,Ad26.COV 2-S,Janssen Pharmaceuticals,,,,,REPORTING
BFA,Janssen - Ad26.COV 2-S,Ad26.COV 2-S,Janssen Pharmaceuticals,20/07/2021,,,,REPORTING
BWA,Janssen - Ad26.COV 2-S,Ad26.COV 2-S,Janssen Pharmaceuticals,26/03/2021,,,,REPORTING
VUT,Janssen - Ad26.COV 2-S,Ad26.COV 2-S,Janssen Pharmaceuticals,22/12/2021,28/01/2022,,,REPORTING
BRB,Janssen - Ad26.COV 2-S,Ad26.COV 2-S,Janssen Pharmaceuticals,,15/10/2021,,,REPORTING
LIE,Janssen - Ad26.COV 2-S,Ad26.COV 2-S,Janssen Pharmaceuticals,,13/10/2021,,,REPORTING
GUY,Janssen - Ad26.COV 2-S,Ad26.COV 2-S,Janssen Pharmaceuticals,,,,,REPORTING
LCA,Janssen - Ad26.COV 2-S,Ad26.COV 2-S,Janssen Pharmaceuticals,,,,,REPORTING
UZB,Janssen - Ad26.COV 2-S,Ad26.COV 2-S,Janssen Pharmaceuticals,,09/11/2022,,,REPORTING
LBY,Janssen - Ad26.COV 2-S,Ad26.COV 2-S,Janssen Pharmaceuticals,24/02/2021,11/04/2021,,,REPORTING
THA,Janssen - Ad26.COV 2-S,Ad26.COV 2-S,Janssen Pharmaceuticals,25/03/2021,,,,REPORTING
MAR,Janssen - Ad26.COV 2-S,Ad26.COV 2-S,Janssen Pharmaceuticals,06/01/2021,28/01/2021,,,REPORTING
GLP,Janssen - Ad26.COV 2-S,Ad26.COV 2-S,Janssen Pharmaceuticals,,,,,REPORTING
AUS,Janssen - Ad26.COV 2-S,Ad26.COV 2-S,Janssen Pharmaceuticals,25/06/2021,,,,REPORTING
MYS,Janssen - Ad26.COV 2-S,Ad26.COV 2-S,Janssen Pharmaceuticals,15/06/2021,,,,REPORTING
LBN,Janssen - Ad26.COV 2-S,Ad26.COV 2-S,Janssen Pharmaceuticals,16/12/2020,14/02/2021,,,REPORTING
OMN,Janssen - Ad26.COV 2-S,Ad26.COV 2-S,Janssen Pharmaceuticals,,,,,REPORTING
PAK,Janssen - Ad26.COV 2-S,Ad26.COV 2-S,Janssen Pharmaceuticals,,,,,REPORTING
ARE,Janssen - Ad26.COV 2-S,Ad26.COV 2-S,Janssen Pharmaceuticals,,,,,REPORTING
MCO,Janssen - Ad26.COV 2-S,Ad26.COV 2-S,Janssen Pharmaceuticals,,27/04/2022,,,REPORTING
BHR,Janssen - Ad26.COV 2-S,Ad26.COV 2-S,Janssen Pharmaceuticals,03/11/2020,04/11/2020,,,REPORTING
KOR,Janssen - Ad26.COV 2-S,Ad26.COV 2-S,Janssen Pharmaceuticals,07/04/2021,10/06/2021,,,REPORTING
BRN,Janssen - Ad26.COV 2-S,Ad26.COV 2-S,Janssen Pharmaceuticals,,,,,REPORTING
PLW,Janssen - Ad26.COV 2-S,Ad26.COV 2-S,Janssen Pharmaceuticals,27/02/2021,21/03/2021,,,REPORTING
PRI,Janssen - Ad26.COV 2-S,Ad26.COV 2-S,Janssen Pharmaceuticals,,,,,REPORTING
IRN,Janssen - Ad26.COV 2-S,Ad26.COV 2-S,Janssen Pharmaceuticals,,,,,REPORTING
IRQ,Janssen - Ad26.COV 2-S,Ad26.COV 2-S,Janssen Pharmaceuticals,,,,,REPORTING
NLD,Janssen - Ad26.COV 2-S,Ad26.COV 2-S,Janssen Pharmaceuticals,,21/04/2021,,,REPORTING
LUX,Janssen - Ad26.COV 2-S,Ad26.COV 2-S,Janssen Pharmaceuticals,,07/04/2021,,,REPORTING
ZAF,Janssen - Ad26.COV 2-S,Ad26.COV 2-S,Janssen Pharmaceuticals,,17/02/2021,,,REPORTING
GUF,Janssen - Ad26.COV 2-S,Ad26.COV 2-S,Janssen Pharmaceuticals,,,,,REPORTING
NZL,Janssen - Ad26.COV 2-S,Ad26.COV 2-S,Janssen Pharmaceuticals,07/07/2021,,,,REPORTING
PHL,Janssen - Ad26.COV 2-S,Ad26.COV 2-S,Janssen Pharmaceuticals,19/04/2021,19/07/2021,,,REPORTING
BGR,Janssen - Ad26.COV 2-S,Ad26.COV 2-S,Janssen Pharmaceuticals,,12/05/2021,,,REPORTING
EST,Janssen - Ad26.COV 2-S,Ad26.COV 2-S,Janssen Pharmaceuticals,,28/04/2021,,,REPORTING
ISL,Janssen - Ad26.COV 2-S,Ad26.COV 2-S,Janssen Pharmaceuticals,,28/04/2021,,,REPORTING
NOR,Janssen - Ad26.COV 2-S,Ad26.COV 2-S,Janssen Pharmaceuticals,,03/03/2021,,,REPORTING
POL,Janssen - Ad26.COV 2-S,Ad26.COV 2-S,Janssen Pharmaceuticals,,06/01/2021,,,REPORTING
HUN,Janssen - Ad26.COV 2-S,Ad26.COV 2-S,Janssen Pharmaceuticals,,05/05/2021,,,REPORTING
FIN,Janssen - Ad26.COV 2-S,Ad26.COV 2-S,Janssen Pharmaceuticals,,23/12/2020,,,REPORTING
ABW,Janssen - Ad26.COV 2-S,Ad26.COV 2-S,Janssen Pharmaceuticals,,,,,REPORTING
GIN,Janssen - Ad26.COV 2-S,Ad26.COV 2-S,Janssen Pharmaceuticals,22/03/2021,05/03/2021,,,REPORTING
MNP,Janssen - Ad26.COV 2-S,Ad26.COV 2-S,Janssen Pharmaceuticals,27/02/2021,19/03/2021,,,REPORTING
IRL,Janssen - Ad26.COV 2-S,Ad26.COV 2-S,Janssen Pharmaceuticals,,30/12/2020,,,REPORTING
BEL,Janssen - Ad26.COV 2-S,Ad26.COV 2-S,Janssen Pharmaceuticals,,28/04/2021,,,REPORTING
LVA,Janssen - Ad26.COV 2-S,Ad26.COV 2-S,Janssen Pharmaceuticals,,06/01/2021,,,REPORTING
SVN,Janssen - Ad26.COV 2-S,Ad26.COV 2-S,Janssen Pharmaceuticals,,28/04/2021,,,REPORTING
ROU,Janssen - Ad26.COV 2-S,Ad26.COV 2-S,Janssen Pharmaceuticals,,05/05/2021,,,REPORTING
PYF,Janssen - Ad26.COV 2-S,Ad26.COV 2-S,Janssen Pharmaceuticals,25/03/2021,03/05/2021,,,REPORTING
SAU,Janssen - Ad26.COV 2-S,Ad26.COV 2-S,Janssen Pharmaceuticals,10/12/2020,06/01/2021,,,REPORTING
UKR,Janssen - Ad26.COV 2-S,Ad26.COV 2-S,Janssen Pharmaceuticals,,19/05/2021,,,REPORTING
DEU,Janssen - Ad26.COV 2-S,Ad26.COV 2-S,Janssen Pharmaceuticals,,21/04/2021,,,REPORTING
FRA,Janssen - Ad26.COV 2-S,Ad26.COV 2-S,Janssen Pharmaceuticals,,21/04/2021,,,REPORTING
GRC,Janssen - Ad26.COV 2-S,Ad26.COV 2-S,Janssen Pharmaceuticals,,06/01/2021,,,REPORTING
CYP,Janssen - Ad26.COV 2-S,Ad26.COV 2-S,Janssen Pharmaceuticals,,28/04/2021,,,REPORTING
ESP,Janssen - Ad26.COV 2-S,Ad26.COV 2-S,Janssen Pharmaceuticals,,21/04/2021,,,REPORTING
LTU,Janssen - Ad26.COV 2-S,Ad26.COV 2-S,Janssen Pharmaceuticals,,21/04/2021,,,REPORTING
FSM,Janssen - Ad26.COV 2-S,Ad26.COV 2-S,Janssen Pharmaceuticals,27/02/2021,09/04/2021,,,REPORTING
PRT,Janssen - Ad26.COV 2-S,Ad26.COV 2-S,Janssen Pharmaceuticals,,30/12/2020,,,REPORTING
AUT,Janssen - Ad26.COV 2-S,Ad26.COV 2-S,Janssen Pharmaceuticals,,17/03/2021,,,REPORTING
ITA,Janssen - Ad26.COV 2-S,Ad26.COV 2-S,Janssen Pharmaceuticals,,06/01/2021,,,REPORTING
HRV,Janssen - Ad26.COV 2-S,Ad26.COV 2-S,Janssen Pharmaceuticals,,03/02/2021,,,REPORTING
CZE,Janssen - Ad26.COV 2-S,Ad26.COV 2-S,Janssen Pharmaceuticals,,03/03/2021,,,REPORTING
BOL,Janssen - Ad26.COV 2-S,Ad26.COV 2-S,Janssen Pharmaceuticals,,07/10/2021,,,REPORTING
HTI,Janssen - Ad26.COV 2-S,Ad26.COV 2-S,Janssen Pharmaceuticals,,,,,REPORTING
HND,Janssen - Ad26.COV 2-S,Ad26.COV 2-S,Janssen Pharmaceuticals,,22/04/2021,,,REPORTING
ASM,Janssen - Ad26.COV 2-S,Ad26.COV 2-S,Janssen Pharmaceuticals,27/02/2021,16/03/2021,,,REPORTING
GUM,Janssen - Ad26.COV 2-S,Ad26.COV 2-S,Janssen Pharmaceuticals,27/02/2021,15/03/2021,,,REPORTING
MHL,Janssen - Ad26.COV 2-S,Ad26.COV 2-S,Janssen Pharmaceuticals,27/02/2021,08/04/2021,,,REPORTING
BGD,Janssen - Ad26.COV 2-S,Ad26.COV 2-S,Janssen Pharmaceuticals,15/06/2021,,,,REPORTING
MDV,Janssen - Ad26.COV 2-S,Ad26.COV 2-S,Janssen Pharmaceuticals,06/02/2021,,,,REPORTING
NPL,Janssen - Ad26.COV 2-S,Ad26.COV 2-S,Janssen Pharmaceuticals,30/06/2021,19/07/2021,,,REPORTING
AFG,Janssen - Ad26.COV 2-S,Ad26.COV 2-S,Janssen Pharmaceuticals,23/02/2021,22/02/2021,,,REPORTING
SYR,Janssen - Ad26.COV 2-S,Ad26.COV 2-S,Janssen Pharmaceuticals,03/02/2021,01/04/2021,,,REPORTING
LAO,Janssen - Ad26.COV 2-S,Ad26.COV 2-S,Janssen Pharmaceuticals,23/06/2021,25/07/2021,,,REPORTING
DJI,Janssen - Ad26.COV 2-S,Ad26.COV 2-S,Janssen Pharmaceuticals,22/02/2021,15/03/2021,,,REPORTING
KWT,Janssen - Ad26.COV 2-S,Ad26.COV 2-S,Janssen Pharmaceuticals,13/12/2020,28/12/2020,,,REPORTING
PSE,Janssen - Ad26.COV 2-S,Ad26.COV 2-S,Janssen Pharmaceuticals,25/01/2021,02/02/2021,,,REPORTING
QAT,Janssen - Ad26.COV 2-S,Ad26.COV 2-S,Janssen Pharmaceuticals,,,,,REPORTING
TUN,Janssen - Ad26.COV 2-S,Ad26.COV 2-S,Janssen Pharmaceuticals,11/01/2021,13/03/2021,,,REPORTING
COL,Janssen - Ad26.COV 2-S,Ad26.COV 2-S,Janssen Pharmaceuticals,25/03/2021,23/06/2021,,,REPORTING
GEO,Sinovac - CoronaVac,Coronavac,Sinovac,,26/05/2021,,,REPORTING
DJI,Sinovac - CoronaVac,Coronavac,Sinovac,22/02/2021,15/03/2021,,,REPORTING
BWA,Sinovac - CoronaVac,Coronavac,Sinovac,08/04/2021,26/03/2021,,,REPORTING
TLS,Sinovac - CoronaVac,Coronavac,Sinovac,06/01/2021,14/06/2021,,,REPORTING
ARM,Sinovac - CoronaVac,Coronavac,Sinovac,,16/06/2021,,,REPORTING
KAZ,Sinovac - CoronaVac,Coronavac,Sinovac,,05/05/2021,,,REPORTING
COL,Sinovac - CoronaVac,Coronavac,Sinovac,04/02/2021,22/02/2021,,,REPORTING
THA,Sinovac - CoronaVac,Coronavac,Sinovac,22/02/2021,28/02/2021,,,REPORTING
AZE,Sinovac - CoronaVac,Coronavac,Sinovac,,20/01/2021,,,REPORTING
UZB,Sinovac - CoronaVac,Coronavac,Sinovac,,20/10/2021,,,REPORTING
VEN,Sinovac - CoronaVac,Coronavac,Sinovac,,,,,REPORTING
CHL,Sinovac - CoronaVac,Coronavac,Sinovac,20/01/2021,03/02/2021,,,REPORTING
BRA,Sinovac - CoronaVac,Coronavac,Sinovac,17/01/2021,17/01/2021,,,REPORTING
IDN,Sinovac - CoronaVac,Coronavac,Sinovac,11/01/2021,13/01/2021,,,REPORTING
PHL,Sinovac - CoronaVac,Coronavac,Sinovac,22/02/2021,01/03/2021,,,REPORTING
MYS,Sinovac - CoronaVac,Coronavac,Sinovac,02/03/2021,18/03/2021,,,REPORTING
ECU,Sinovac - CoronaVac,Coronavac,Sinovac,06/03/2021,08/03/2021,,,REPORTING
YEM,Sinovac - CoronaVac,Coronavac,Sinovac,27/02/2021,20/04/2021,,,REPORTING
DZA,Sinovac - CoronaVac,Coronavac,Sinovac,31/03/2021,,,,REPORTING
RWA,Sinovac - CoronaVac,Coronavac,Sinovac,17/07/2021,,,,REPORTING
UGA,Sinovac - CoronaVac,Coronavac,Sinovac,,,,,REPORTING
HUN,Sinovac - CoronaVac,Coronavac,Sinovac,,15/02/2021,,,REPORTING
PRT,Sinovac - CoronaVac,Coronavac,Sinovac,,23/12/2020,,,REPORTING
AFG,Sinovac - CoronaVac,Coronavac,Sinovac,,,,,REPORTING
BHR,Sinovac - CoronaVac,Coronavac,Sinovac,,,,,REPORTING
IRN,Sinovac - CoronaVac,Coronavac,Sinovac,,,,,REPORTING
URY,Sinovac - CoronaVac,Coronavac,Sinovac,18/02/2021,27/02/2021,,,REPORTING
SAU,Sinovac - CoronaVac,Coronavac,Sinovac,,,,,REPORTING
ARE,Sinovac - CoronaVac,Coronavac,Sinovac,,,,,REPORTING
SLV,Sinovac - CoronaVac,Coronavac,Sinovac,09/03/2021,28/03/2021,,,REPORTING
PRY,Sinovac - CoronaVac,Coronavac,Sinovac,06/02/2021,10/03/2021,,,REPORTING
DOM,Sinovac - CoronaVac,Coronavac,Sinovac,20/12/2020,24/02/2021,,,REPORTING
MEX,Sinovac - CoronaVac,Coronavac,Sinovac,09/02/2021,22/02/2021,,,REPORTING
IRQ,Sinovac - CoronaVac,Coronavac,Sinovac,,,,,REPORTING
JOR,Sinovac - CoronaVac,Coronavac,Sinovac,13/12/2020,13/01/2021,,,REPORTING
KWT,Sinovac - CoronaVac,Coronavac,Sinovac,,,,,REPORTING
LBN,Sinovac - CoronaVac,Coronavac,Sinovac,,,,,REPORTING
MAR,Sinovac - CoronaVac,Coronavac,Sinovac,,,,,REPORTING
QAT,Sinovac - CoronaVac,Coronavac,Sinovac,,,,,REPORTING
UKR,Sinovac - CoronaVac,Coronavac,Sinovac,,14/04/2021,,,REPORTING
BEN,Sinovac - CoronaVac,Coronavac,Sinovac,26/02/2021,29/03/2021,,,REPORTING
GNQ,Sinovac - CoronaVac,Coronavac,Sinovac,,12/02/2021,,,REPORTING
JAM,Sinovac - CoronaVac,Coronavac,Sinovac,,,,,REPORTING
KHM,Sinovac - CoronaVac,Coronavac,Sinovac,12/02/2021,01/04/2021,,,REPORTING
CHN,Sinovac - CoronaVac,Coronavac,Sinovac,22/07/2020,22/07/2020,,,REPORTING
ALB,Sinovac - CoronaVac,Coronavac,Sinovac,,24/03/2021,,,REPORTING
LBY,Sinovac - CoronaVac,Coronavac,Sinovac,24/02/2021,11/04/2021,,,REPORTING
MDV,Sinovac - CoronaVac,Coronavac,Sinovac,14/03/2021,,,,REPORTING
GIN,Sinovac - CoronaVac,Coronavac,Sinovac,01/04/2021,05/03/2021,,,REPORTING
ZWE,Sinovac - CoronaVac,Coronavac,Sinovac,,18/02/2021,,,REPORTING
PAK,Sinovac - CoronaVac,Coronavac,Sinovac,20/01/2021,03/02/2021,,,REPORTING
LAO,Sinovac - CoronaVac,Coronavac,Sinovac,16/06/2021,05/10/2021,,,REPORTING
EGY,Sinovac - CoronaVac,Coronavac,Sinovac,30/12/2020,24/01/2021,,,REPORTING
TUN,Sinovac - CoronaVac,Coronavac,Sinovac,11/01/2021,13/03/2021,,,REPORTING
SOM,Sinovac - CoronaVac,Coronavac,Sinovac,,,,,REPORTING
SDN,Sinovac - CoronaVac,Coronavac,Sinovac,20/02/2021,09/03/2021,,,REPORTING
MDA,Sinovac - CoronaVac,Coronavac,Sinovac,,12/05/2021,,,REPORTING
MKD,Sinovac - CoronaVac,Coronavac,Sinovac,,16/06/2021,,,REPORTING
TJK,Sinovac - CoronaVac,Coronavac,Sinovac,,09/06/2021,,,REPORTING
OMN,Sinovac - CoronaVac,Coronavac,Sinovac,14/02/2021,29/12/2020,,,REPORTING
PSE,Sinovac - CoronaVac,Coronavac,Sinovac,25/01/2021,02/02/2021,,,REPORTING
BGD,Sinovac - CoronaVac,Coronavac,Sinovac,06/06/2021,11/12/2021,,,REPORTING
SYR,Sinovac - CoronaVac,Coronavac,Sinovac,03/02/2021,01/04/2021,,,REPORTING
CAN,Novavax-NUVAXOVID,NUVAXOVID,Novavax,,,,,REPORTING
PHL,Novavax-NUVAXOVID,NUVAXOVID,Novavax,,,,,REPORTING
KOR,Novavax-NUVAXOVID,NUVAXOVID,Novavax,,,,,REPORTING
NZL,Novavax-NUVAXOVID,NUVAXOVID,Novavax,,,,,REPORTING
AUS,Novavax-NUVAXOVID,NUVAXOVID,Novavax,,,,,REPORTING
MCO,Novavax-NUVAXOVID,NUVAXOVID,Novavax,,30/03/2022,,,REPORTING
ISL,Novavax-NUVAXOVID,NUVAXOVID,Novavax,,03/08/2022,,,REPORTING
SWE,Novavax-NUVAXOVID,NUVAXOVID,Novavax,,09/03/2022,,,REPORTING
JPN,Novavax-NUVAXOVID,NUVAXOVID,Novavax,,,,,REPORTING
CHE,Novavax-NUVAXOVID,NUVAXOVID,Novavax,,20/07/2022,,,REPORTING
USA,Novavax-NUVAXOVID,NUVAXOVID,Novavax,,,,,REPORTING
GLP,Novavax-NUVAXOVID,NUVAXOVID,Novavax,,,,,REPORTING
PRI,Novavax-NUVAXOVID,NUVAXOVID,Novavax,,,,,REPORTING
LVA,Novavax-NUVAXOVID,NUVAXOVID,Novavax,,02/03/2022,,,REPORTING
LUX,Novavax-NUVAXOVID,NUVAXOVID,Novavax,,02/03/2022,,,REPORTING
NLD,Novavax-NUVAXOVID,NUVAXOVID,Novavax,,16/03/2022,,,REPORTING
POL,Novavax-NUVAXOVID,NUVAXOVID,Novavax,,09/06/2021,,,REPORTING
SVK,Novavax-NUVAXOVID,NUVAXOVID,Novavax,,09/03/2022,,,REPORTING
SVN,Novavax-NUVAXOVID,NUVAXOVID,Novavax,,02/03/2022,,,REPORTING
EST,Novavax-NUVAXOVID,NUVAXOVID,Novavax,,09/03/2022,,,REPORTING
FRA,Novavax-NUVAXOVID,NUVAXOVID,Novavax,,23/02/2022,,,REPORTING
DEU,Novavax-NUVAXOVID,NUVAXOVID,Novavax,,23/02/2022,,,REPORTING
GRC,Novavax-NUVAXOVID,NUVAXOVID,Novavax,,13/10/2021,,,REPORTING
IRL,Novavax-NUVAXOVID,NUVAXOVID,Novavax,,03/02/2021,,,REPORTING
ITA,Novavax-NUVAXOVID,NUVAXOVID,Novavax,,02/02/2022,,,REPORTING
PRT,Novavax-NUVAXOVID,NUVAXOVID,Novavax,,20/01/2021,,,REPORTING
IDN,Novavax-NUVAXOVID,NUVAXOVID,Novavax,01/11/2021,06/12/2021,,,REPORTING
AUT,Novavax-NUVAXOVID,NUVAXOVID,Novavax,,23/02/2022,,,REPORTING
HRV,Novavax-NUVAXOVID,NUVAXOVID,Novavax,,02/03/2022,,,REPORTING
CYP,Novavax-NUVAXOVID,NUVAXOVID,Novavax,,09/03/2022,,,REPORTING
CZE,Novavax-NUVAXOVID,NUVAXOVID,Novavax,,02/03/2022,,,REPORTING
HND,SII - Covishield,Covishield,Serum Institute of India,04/03/2021,22/05/2021,,,REPORTING
BFA,SII - Covishield,Covishield,Serum Institute of India,21/05/2021,02/06/2021,,,REPORTING
FJI,SII - Covishield,Covishield,Serum Institute of India,,06/04/2021,,,REPORTING
TJK,SII - Covishield,Covishield,Serum Institute of India,,24/03/2021,,,REPORTING
SLV,SII - Covishield,Covishield,Serum Institute of India,25/01/2021,12/04/2021,,,REPORTING
ALB,SII - Covishield,Covishield,Serum Institute of India,,21/04/2021,,,REPORTING
SYC,SII - Covishield,Covishield,Serum Institute of India,,10/01/2021,,,REPORTING
AFG,SII - Covishield,Covishield,Serum Institute of India,23/02/2021,22/02/2021,,,REPORTING
SDN,SII - Covishield,Covishield,Serum Institute of India,20/02/2021,09/03/2021,,,REPORTING
PAK,SII - Covishield,Covishield,Serum Institute of India,20/01/2021,03/02/2021,,,REPORTING
MNG,SII - Covishield,Covishield,Serum Institute of India,10/01/2021,23/02/2021,,,REPORTING
PNG,SII - Covishield,Covishield,Serum Institute of India,02/03/2021,05/05/2021,,,REPORTING
GHA,SII - Covishield,Covishield,Serum Institute of India,12/02/2021,02/03/2021,,,REPORTING
LKA,SII - Covishield,Covishield,Serum Institute of India,22/01/2021,29/01/2021,,,REPORTING
MMR,SII - Covishield,Covishield,Serum Institute of India,20/01/2021,27/01/2021,,,REPORTING
MDV,SII - Covishield,Covishield,Serum Institute of India,29/01/2021,01/02/2021,,,REPORTING
BGD,SII - Covishield,Covishield,Serum Institute of India,07/01/2021,27/01/2021,,,REPORTING
IND,SII - Covishield,Covishield,Serum Institute of India,03/01/2021,16/01/2021,,,REPORTING
NPL,SII - Covishield,Covishield,Serum Institute of India,15/01/2021,27/01/2021,,,REPORTING
BTN,SII - Covishield,Covishield,Serum Institute of India,21/01/2021,27/03/2021,,,REPORTING
SYR,SII - Covishield,Covishield,Serum Institute of India,03/02/2021,01/04/2021,,,REPORTING
GUY,SII - Covishield,Covishield,Serum Institute of India,,11/02/2021,,,REPORTING
BRB,SII - Covishield,Covishield,Serum Institute of India,,08/01/2021,,,REPORTING
DMA,SII - Covishield,Covishield,Serum Institute of India,09/02/2021,12/02/2021,,,REPORTING
DOM,SII - Covishield,Covishield,Serum Institute of India,20/12/2020,16/02/2021,,,REPORTING
KEN,SII - Covishield,Covishield,Serum Institute of India,,05/03/2021,,,REPORTING
LSO,SII - Covishield,Covishield,Serum Institute of India,25/02/2021,10/03/2021,,,REPORTING
ETH,SII - Covishield,Covishield,Serum Institute of India,03/03/2021,13/03/2021,,,REPORTING
JAM,SII - Covishield,Covishield,Serum Institute of India,15/02/2021,10/03/2021,,,REPORTING
BHS,SII - Covishield,Covishield,Serum Institute of India,05/03/2021,14/03/2021,,,REPORTING
SLE,SII - Covishield,Covishield,Serum Institute of India,04/03/2021,15/03/2021,,,REPORTING
NGA,SII - Covishield,Covishield,Serum Institute of India,04/03/2021,05/03/2021,,,REPORTING
MUS,SII - Covishield,Covishield,Serum Institute of India,21/01/2021,26/01/2021,,,REPORTING
CIV,SII - Covishield,Covishield,Serum Institute of India,13/02/2021,01/03/2021,,,REPORTING
RWA,SII - Covishield,Covishield,Serum Institute of India,23/02/2021,05/03/2021,,,REPORTING
TGO,SII - Covishield,Covishield,Serum Institute of India,,10/03/2021,,,REPORTING
MWI,SII - Covishield,Covishield,Serum Institute of India,,11/03/2021,,,REPORTING
DJI,SII - Covishield,Covishield,Serum Institute of India,22/02/2021,15/03/2021,,,REPORTING
LAO,SII - Covishield,Covishield,Serum Institute of India,22/02/2021,02/04/2021,,,REPORTING
KHM,SII - Covishield,Covishield,Serum Institute of India,12/02/2021,04/03/2021,,,REPORTING
AGO,SII - Covishield,Covishield,Serum Institute of India,,10/03/2021,,,REPORTING
GMB,SII - Covishield,Covishield,Serum Institute of India,12/02/2021,10/03/2021,,,REPORTING
UGA,SII - Covishield,Covishield,Serum Institute of India,,10/03/2021,,,REPORTING
CAN,SII - Covishield,Covishield,Serum Institute of India,,,,,REPORTING
BHR,SII - Covishield,Covishield,Serum Institute of India,,25/12/2020,,,REPORTING
OMN,SII - Covishield,Covishield,Serum Institute of India,,,,,REPORTING
ARE,SII - Covishield,Covishield,Serum Institute of India,,,,,REPORTING
VCT,SII - Covishield,Covishield,Serum Institute of India,11/02/2021,14/02/2021,,,REPORTING
SOM,SII - Covishield,Covishield,Serum Institute of India,22/02/2021,16/03/2021,,,REPORTING
LCA,SII - Covishield,Covishield,Serum Institute of India,15/02/2021,17/02/2021,,,REPORTING
GRD,SII - Covishield,Covishield,Serum Institute of India,12/02/2021,15/02/2021,,,REPORTING
TTO,SII - Covishield,Covishield,Serum Institute of India,15/02/2021,17/02/2021,,,REPORTING
CPV,SII - Covishield,Covishield,Serum Institute of India,25/02/2021,18/03/2021,,,REPORTING
TLS,SII - Covishield,Covishield,Serum Institute of India,23/02/2021,07/04/2021,,,REPORTING
YEM,SII - Covishield,Covishield,Serum Institute of India,27/02/2021,20/04/2021,,,REPORTING
BLZ,SII - Covishield,Covishield,Serum Institute of India,15/02/2021,01/03/2021,,,REPORTING
SUR,SII - Covishield,Covishield,Serum Institute of India,15/02/2021,23/02/2021,,,REPORTING
ATG,SII - Covishield,Covishield,Serum Institute of India,05/04/2021,12/07/2021,,,REPORTING
GTM,SII - Covishield,Covishield,Serum Institute of India,18/02/2021,03/03/2021,,,REPORTING
ARG,SII - Covishield,Covishield,Serum Institute of India,30/12/2020,21/02/2021,,,REPORTING
BRA,SII - Covishield,Covishield,Serum Institute of India,17/01/2021,17/01/2021,,,REPORTING
NER,SII - Covishield,Covishield,Serum Institute of India,04/03/2021,29/03/2021,,,REPORTING
SEN,SII - Covishield,Covishield,Serum Institute of India,16/02/2021,23/02/2021,,,REPORTING
SLB,SII - Covishield,Covishield,Serum Institute of India,22/02/2021,23/03/2021,,,REPORTING
BOL,SII - Covishield,Covishield,Serum Institute of India,,,,,REPORTING
SWZ,SII - Covishield,Covishield,Serum Institute of India,,19/03/2021,,,REPORTING
KNA,SII - Covishield,Covishield,Serum Institute of India,29/01/2021,22/02/2021,,,REPORTING
STP,SII - Covishield,Covishield,Serum Institute of India,21/02/2021,15/03/2021,,,REPORTING
CMR,SII - Covishield,Covishield,Serum Institute of India,04/03/2021,12/04/2021,,,REPORTING
GIN,SII - Covishield,Covishield,Serum Institute of India,18/02/2021,05/03/2021,,,REPORTING
CAF,SII - Covishield,Covishield,Serum Institute of India,26/02/2021,19/03/2021,,,REPORTING
COD,SII - Covishield,Covishield,Serum Institute of India,26/02/2021,19/04/2021,,,REPORTING
COG,SII - Covishield,Covishield,Serum Institute of India,03/03/2021,23/03/2021,,,REPORTING
BEN,SII - Covishield,Covishield,Serum Institute of India,24/02/2021,29/03/2021,,,REPORTING
GNB,SII - Covishield,Covishield,Serum Institute of India,,02/04/2021,,,REPORTING
BWA,SII - Covishield,Covishield,Serum Institute of India,26/02/2021,26/03/2021,,,REPORTING
SSD,SII - Covishield,Covishield,Serum Institute of India,01/03/2021,06/04/2021,,,REPORTING
MLI,SII - Covishield,Covishield,Serum Institute of India,19/02/2021,31/03/2021,,,REPORTING
LBR,SII - Covishield,Covishield,Serum Institute of India,15/03/2021,01/04/2021,,,REPORTING
ZMB,SII - Covishield,Covishield,Serum Institute of India,28/02/2021,14/04/2021,,,REPORTING
MRT,SII - Covishield,Covishield,Serum Institute of India,,26/03/2021,,,REPORTING
NRU,SII - Covishield,Covishield,Serum Institute of India,02/03/2021,01/06/2021,,,REPORTING
THA,SII - Covishield,Covishield,Serum Institute of India,21/01/2021,16/03/2021,,,REPORTING
DZA,SII - Covishield,Covishield,Serum Institute of India,01/02/2021,,,,REPORTING
NIC,SII - Covishield,Covishield,Serum Institute of India,15/02/2021,06/04/2021,,,REPORTING
MDG,SII - Covishield,Covishield,Serum Institute of India,26/03/2021,10/05/2021,,,REPORTING
UZB,SII - Covishield,Covishield,Serum Institute of India,,28/04/2021,,,REPORTING
UKR,SII - Covishield,Covishield,Serum Institute of India,,24/02/2021,,,REPORTING
COM,SII - Covishield,Covishield,Serum Institute of India,,10/04/2021,,,REPORTING
NAM,SII - Covishield,Covishield,Serum Institute of India,05/03/2021,19/03/2021,,,REPORTING
MOZ,SII - Covishield,Covishield,Serum Institute of India,04/03/2021,08/03/2021,,,REPORTING
NIC,Finlay - Soberana Plus,Soberana Plus,Instituto Finlay de Vacunas,,26/10/2021,,,REPORTING
CUB,Finlay - Soberana Plus,Soberana Plus,Instituto Finlay de Vacunas,,,,,REPORTING
IRN,Gamaleya - Sputnik-Light,Sputnik-Light,Gamaleya Research Institute,,,,,REPORTING
IRQ,Gamaleya - Sputnik-Light,Sputnik-Light,Gamaleya Research Institute,,,,,REPORTING
JOR,Gamaleya - Sputnik-Light,Sputnik-Light,Gamaleya Research Institute,,,,,REPORTING
KWT,Gamaleya - Sputnik-Light,Sputnik-Light,Gamaleya Research Institute,,,,,REPORTING
LBN,Gamaleya - Sputnik-Light,Sputnik-Light,Gamaleya Research Institute,16/12/2020,14/02/2021,,,REPORTING
LBY,Gamaleya - Sputnik-Light,Sputnik-Light,Gamaleya Research Institute,,,,,REPORTING
NIC,Gamaleya - Sputnik-Light,Sputnik-Light,Gamaleya Research Institute,,25/10/2021,,,REPORTING
DJI,Gamaleya - Sputnik-Light,Sputnik-Light,Gamaleya Research Institute,,,,,REPORTING
EGY,Gamaleya - Sputnik-Light,Sputnik-Light,Gamaleya Research Institute,,,,,REPORTING
BHR,Gamaleya - Sputnik-Light,Sputnik-Light,Gamaleya Research Institute,03/11/2020,04/11/2020,,,REPORTING
PSE,Gamaleya - Sputnik-Light,Sputnik-Light,Gamaleya Research Institute,25/01/2021,02/02/2021,,,REPORTING
SYR,Gamaleya - Sputnik-Light,Sputnik-Light,Gamaleya Research Institute,03/02/2021,01/04/2021,,,REPORTING
LAO,Gamaleya - Sputnik-Light,Sputnik-Light,Gamaleya Research Institute,01/10/2021,29/09/2021,,,REPORTING
VEN,Gamaleya - Sputnik-Light,Sputnik-Light,Gamaleya Research Institute,,,,,REPORTING
PHL,Gamaleya - Sputnik-Light,Sputnik-Light,Gamaleya Research Institute,20/08/2021,23/08/2021,,,REPORTING
ARM,Gamaleya - Sputnik-Light,Sputnik-Light,Gamaleya Research Institute,,09/02/2022,,,REPORTING
AZE,Gamaleya - Sputnik-Light,Sputnik-Light,Gamaleya Research Institute,,02/03/2022,,,REPORTING
BLR,Gamaleya - Sputnik-Light,Sputnik-Light,Gamaleya Research Institute,,06/10/2021,,,REPORTING
AFG,Gamaleya - Sputnik-Light,Sputnik-Light,Gamaleya Research Institute,,,,,REPORTING
SDN,Gamaleya - Sputnik-Light,Sputnik-Light,Gamaleya Research Institute,,,,,REPORTING
TUN,Gamaleya - Sputnik-Light,Sputnik-Light,Gamaleya Research Institute,11/01/2021,13/03/2021,,,REPORTING
ARE,Gamaleya - Sputnik-Light,Sputnik-Light,Gamaleya Research Institute,,,,,REPORTING
YEM,Gamaleya - Sputnik-Light,Sputnik-Light,Gamaleya Research Institute,,,,,REPORTING
VCT,Gamaleya - Sputnik-Light,Sputnik-Light,Gamaleya Research Institute,,,,,REPORTING
UZB,Gamaleya - Sputnik-Light,Sputnik-Light,Gamaleya Research Institute,,15/12/2021,,,REPORTING
MAR,Gamaleya - Sputnik-Light,Sputnik-Light,Gamaleya Research Institute,,,,,REPORTING
OMN,Gamaleya - Sputnik-Light,Sputnik-Light,Gamaleya Research Institute,,,,,REPORTING
PAK,Gamaleya - Sputnik-Light,Sputnik-Light,Gamaleya Research Institute,,,,,REPORTING
QAT,Gamaleya - Sputnik-Light,Sputnik-Light,Gamaleya Research Institute,,,,,REPORTING
SAU,Gamaleya - Sputnik-Light,Sputnik-Light,Gamaleya Research Institute,,,,,REPORTING
SOM,Gamaleya - Sputnik-Light,Sputnik-Light,Gamaleya Research Institute,,,,,REPORTING
PRY,Julphar - Hayat-Vax,Hayat-Vax,,30/12/2020,24/05/2021,,,REPORTING
PHL,Julphar - Hayat-Vax,Hayat-Vax,,11/08/2021,25/08/2021,,,REPORTING
SYC,Julphar - Hayat-Vax,Hayat-Vax,,,,,,REPORTING
IRN,Shifa - COVIran Barakat,COVIran Barakat,,,,,,REPORTING
MCO,Novavax - Covavax,Covavax,,,30/03/2022,,,REPORTING
THA,SII - Covovax,Covovax,,27/04/2022,,,,REPORTING
IND,SII - Covovax,Covovax,,,,,,REPORTING
AUT,Moderna  Spikevax Bivalent Original/Omicron BA.1,Spikevax Bivalent Original/Omicron BA.1,,,10/02/2021,,,REPORTING
EST,Moderna  Spikevax Bivalent Original/Omicron BA.1,Spikevax Bivalent Original/Omicron BA.1,,,12/10/2022,,,REPORTING
ITA,Moderna  Spikevax Bivalent Original/Omicron BA.1,Spikevax Bivalent Original/Omicron BA.1,,,09/02/2022,,,REPORTING
LUX,Moderna  Spikevax Bivalent Original/Omicron BA.1,Spikevax Bivalent Original/Omicron BA.1,,,14/09/2022,,,REPORTING
PRT,Moderna  Spikevax Bivalent Original/Omicron BA.1,Spikevax Bivalent Original/Omicron BA.1,,,31/03/2021,,,REPORTING
CHE,Moderna  Spikevax Bivalent Original/Omicron BA.1,Spikevax Bivalent Original/Omicron BA.1,,,30/12/2020,,,REPORTING
CZE,Moderna  Spikevax Bivalent Original/Omicron BA.1,Spikevax Bivalent Original/Omicron BA.1,,,23/11/2022,,,REPORTING
FRA,Moderna  Spikevax Bivalent Original/Omicron BA.1,Spikevax Bivalent Original/Omicron BA.1,,,28/09/2022,,,REPORTING
LVA,Moderna  Spikevax Bivalent Original/Omicron BA.1,Spikevax Bivalent Original/Omicron BA.1,,,14/09/2022,,,REPORTING
CZE,Moderna  Spikevax Bivalent Original/Omicron BA.4/BA.5,Spikevax Bivalent Original/Omicron BA.4/BA.5,,,25/01/2023,,,REPORTING
EST,Moderna  Spikevax Bivalent Original/Omicron BA.4/BA.5,Spikevax Bivalent Original/Omicron BA.4/BA.5,,,18/01/2023,,,REPORTING
FRA,Moderna  Spikevax Bivalent Original/Omicron BA.4/BA.5,Spikevax Bivalent Original/Omicron BA.4/BA.5,,,01/02/2023,,,REPORTING
ITA,Moderna  Spikevax Bivalent Original/Omicron BA.4/BA.5,Spikevax Bivalent Original/Omicron BA.4/BA.5,,,14/12/2022,,,REPORTING
PRT,Moderna  Spikevax Bivalent Original/Omicron BA.4/BA.5,Spikevax Bivalent Original/Omicron BA.4/BA.5,,,04/08/2021,,,REPORTING
AUT,Pfizer BioNTech - Comirnaty Bivalent Original/Omicron BA.1,Comirnaty Bivalent Original/Omicron BA.1,,,30/12/2020,,,REPORTING
CZE,Pfizer BioNTech - Comirnaty Bivalent Original/Omicron BA.1,Comirnaty Bivalent Original/Omicron BA.1,,,14/09/2022,,,REPORTING
EST,Pfizer BioNTech - Comirnaty Bivalent Original/Omicron BA.1,Comirnaty Bivalent Original/Omicron BA.1,,,28/09/2022,,,REPORTING
GRC,Pfizer BioNTech - Comirnaty Bivalent Original/Omicron BA.1,Comirnaty Bivalent Original/Omicron BA.1,,,28/09/2022,,,REPORTING
HUN,Pfizer BioNTech - Comirnaty Bivalent Original/Omicron BA.1,Comirnaty Bivalent Original/Omicron BA.1,,,07/09/2022,,,REPORTING
ITA,Pfizer BioNTech - Comirnaty Bivalent Original/Omicron BA.1,Comirnaty Bivalent Original/Omicron BA.1,,,05/01/2022,,,REPORTING
LUX,Pfizer BioNTech - Comirnaty Bivalent Original/Omicron BA.1,Comirnaty Bivalent Original/Omicron BA.1,,,07/09/2022,,,REPORTING
PRT,Pfizer BioNTech - Comirnaty Bivalent Original/Omicron BA.1,Comirnaty Bivalent Original/Omicron BA.1,,,30/12/2020,,,REPORTING
CHE,Pfizer BioNTech - Comirnaty Bivalent Original/Omicron BA.1,Comirnaty Bivalent Original/Omicron BA.1,,,13/01/2021,,,REPORTING
LVA,Pfizer BioNTech - Comirnaty Bivalent Original/Omicron BA.1,Comirnaty Bivalent Original/Omicron BA.1,,,14/09/2022,,,REPORTING
AUT,Pfizer BioNTech - Comirnaty Bivalent Original/Omicron BA.4/BA.5,Comirnaty Bivalent Original/Omicron BA.4/BA.5,,,13/01/2021,,,REPORTING
CZE,Pfizer BioNTech - Comirnaty Bivalent Original/Omicron BA.4/BA.5,Comirnaty Bivalent Original/Omicron BA.4/BA.5,,,05/10/2022,,,REPORTING
EST,Pfizer BioNTech - Comirnaty Bivalent Original/Omicron BA.4/BA.5,Comirnaty Bivalent Original/Omicron BA.4/BA.5,,,28/09/2022,,,REPORTING
GRC,Pfizer BioNTech - Comirnaty Bivalent Original/Omicron BA.4/BA.5,Comirnaty Bivalent Original/Omicron BA.4/BA.5,,,05/10/2022,,,REPORTING
ITA,Pfizer BioNTech - Comirnaty Bivalent Original/Omicron BA.4/BA.5,Comirnaty Bivalent Original/Omicron BA.4/BA.5,,,28/09/2022,,,REPORTING
LUX,Pfizer BioNTech - Comirnaty Bivalent Original/Omicron BA.4/BA.5,Comirnaty Bivalent Original/Omicron BA.4/BA.5,,,12/10/2022,,,REPORTING
PRT,Pfizer BioNTech - Comirnaty Bivalent Original/Omicron BA.4/BA.5,Comirnaty Bivalent Original/Omicron BA.4/BA.5,,,10/02/2021,,,REPORTING
FRA,Pfizer BioNTech - Comirnaty Bivalent Original/Omicron BA.4/BA.5,Comirnaty Bivalent Original/Omicron BA.4/BA.5,,,05/10/2022,,,REPORTING
LVA,Pfizer BioNTech - Comirnaty Bivalent Original/Omicron BA.4/BA.5,Comirnaty Bivalent Original/Omicron BA.4/BA.5,,,05/10/2022,,,REPORTING
DEU,Moderna  Spikevax Bivalent Original/Omicron  - Generic,Moderna  Spikevax Bivalent Original/Omicron  - Generic,,,14/09/2022,,,REPORTING
DEU,Pfizer BioNTech - Comirnaty Bivalent Original/Omicron - Generic,Pfizer BioNTech - Comirnaty Bivalent Original/Omicron - Generic,,,07/09/2022,,,REPORTING
SVN,Pfizer BioNTech - Comirnaty Bivalent Original/Omicron - Generic,Pfizer BioNTech - Comirnaty Bivalent Original/Omicron - Generic,,,21/09/2022,,,REPORTING
